,node name,peak bytes,residual bytes,output bytes,total execution time,accelerator execution time,cpu execution time,# parameters,# float_ops,assigned devices,op types,op occurrence (run
7,ApplyGradientDescent,0.0,0.0,9164.8,14.59,0.0,14.59,0,0.0, /job:localhost/replica:0/task:0/device:cpu:0, /job:localhost/replica:0/task:0/device:cpu:0|ApplyGradientDescent,"    158|158
"
13,QueueCloseV2,0.0,0.0,0.0,6.93,0.0,6.93,0,0.0, |/job:localhost/replica:0/task:0/device:cpu:0, /job:localhost/replica:0/task:0/device:cpu:0|QueueCloseV2,"        1|8
"
14,L2Loss,0.140625,0.140625,0.140625,4.85,0.0,4.85,0,6.41, /job:localhost/replica:0/task:0/device:cpu:0, /job:localhost/replica:0/task:0/device:cpu:0|L2Loss,"      36|36
"
15,VariableV2,9297.92,9297.92,9297.92,4.84,0.0,4.84,2.27m,0.0, /job:localhost/replica:0/task:0/device:cpu:0, /job:localhost/replica:0/task:0/device:cpu:0|VariableV2|_trainable_variables,"    263|263
"
17,AssignSub,0.0,0.0,136.45,2.12,0.0,2.12,0,0.03411, /job:localhost/replica:0/task:0/device:cpu:0, /job:localhost/replica:0/task:0/device:cpu:0|AssignSub,"    104|104
"
19,Identity,9.22,9.22,12134.4,1.44,0.0,1.44,0,0.0, |/job:localhost/replica:0/task:0/device:cpu:0|/job:localhost/replica:0/task:0/device:gpu:0, /job:localhost/replica:0/task:0/device:cpu:0|/job:localhost/replica:0/task:0/device:gpu:0|Identity,"    318|893
"
27,Const,1.19,1.19,3.75,0.27299999999999996,0.0,0.27299999999999996,0,0.0, |/job:localhost/replica:0/task:0/device:cpu:0|/job:localhost/replica:0/task:0/device:gpu:0, /job:localhost/replica:0/task:0/device:cpu:0|/job:localhost/replica:0/task:0/device:gpu:0|Const,"    55|1519
"
28,ShapeN,0.03125,0.03125,0.03125,0.25999999999999995,0.0,0.25999999999999995,0,0.0, |/job:localhost/replica:0/task:0/device:gpu:0, /job:localhost/replica:0/task:0/device:gpu:0|ShapeN,"      35|36
"
29,MobilenetV2/expanded_conv/project/kernel/Regularizer/l2_regularizer/L2Loss/_737,0.0,0.0,0.0,0.21899999999999997,0.0,0.21899999999999997,0,0.0, /job:localhost/replica:0/task:0/device:gpu:0, /job:localhost/replica:0/task:0/device:gpu:0|MobilenetV2/expanded_conv/project/kernel/Regularizer/l2_regularizer/L2Loss/_737,"        1|1
"
30,gradients/MobilenetV2/Logits/Dropout/dropout_1/mul_grad/Mul-1-TransposeNHWCToNCHW-LayoutOptimizer,0.0,0.0,20.48,0.21799999999999997,0.0,0.21799999999999997,0,0.0, /job:localhost/replica:0/task:0/device:gpu:0, /job:localhost/replica:0/task:0/device:gpu:0|gradients/MobilenetV2/Logits/Dropout/dropout_1/mul_grad/Mul-1-TransposeNHWCToNCHW-LayoutOptimizer,"        1|1
"
34,QueueDequeueV2,0.0,0.0,2467.84,0.111,0.0,0.111,0,0.0, |/job:localhost/replica:0/task:0/device:cpu:0, /job:localhost/replica:0/task:0/device:cpu:0|QueueDequeueV2,"        1|2
"
37,MobilenetV2/expanded_conv_16/expand/kernel/Regularizer/l2_regularizer/L2Loss/_678,0.0,0.0,0.0,0.09,0.0,0.09,0,0.0, /job:localhost/replica:0/task:0/device:cpu:0, /job:localhost/replica:0/task:0/device:cpu:0|MobilenetV2/expanded_conv_16/expand/kernel/Regularizer/l2_regularizer/L2Loss/_678,"        1|1
"
39,MobilenetV2/expanded_conv_15/project/weights/read/_1557,0.0,0.0,0.0,0.063,0.0,0.063,0,0.0, /job:localhost/replica:0/task:0/device:gpu:0, /job:localhost/replica:0/task:0/device:gpu:0|MobilenetV2/expanded_conv_15/project/weights/read/_1557,"        1|1
"
41,FloorMod,0.25,0.25,0.25,0.036,0.0,0.036,0,0.0, /job:localhost/replica:0/task:0/device:cpu:0, /job:localhost/replica:0/task:0/device:cpu:0|FloorMod,"        1|1
"
42,Reshape,0.0,0.0,20.99,0.034,0.0,0.034,0,0.0, |/job:localhost/replica:0/task:0/device:gpu:0, /job:localhost/replica:0/task:0/device:gpu:0|Reshape,"       3|25
"
43,FIFOQueueV2,2467.84,2467.84,0.1328125,0.026,0.0,0.026,0,0.0, |/job:localhost/replica:0/task:0/device:cpu:0, /job:localhost/replica:0/task:0/device:cpu:0|FIFOQueueV2,"        1|3
"
44,Greater,0.25,0.25,0.25,0.022,0.0,0.022,0,2e-06, |/job:localhost/replica:0/task:0/device:gpu:0, /job:localhost/replica:0/task:0/device:gpu:0|Greater,"        1|2
"
45,MobilenetV2/expanded_conv_5/project/kernel/Regularizer/l2_regularizer/L2Loss/_709,0.0,0.0,0.0,0.020999999999999998,0.0,0.020999999999999998,0,0.0, /job:localhost/replica:0/task:0/device:gpu:0, /job:localhost/replica:0/task:0/device:gpu:0|MobilenetV2/expanded_conv_5/project/kernel/Regularizer/l2_regularizer/L2Loss/_709,"        1|1
"
46,Cast,0.00390625,0.00390625,0.00390625,0.019999999999999997,0.0,0.019999999999999997,0,0.0, |/job:localhost/replica:0/task:0/device:cpu:0, /job:localhost/replica:0/task:0/device:cpu:0|Cast,"       1|82
"
47,MobilenetV2/expanded_conv_16/project/kernel/Regularizer/l2_regularizer/L2Loss/_682,0.0,0.0,0.0,0.016,0.0,0.016,0,0.0, /job:localhost/replica:0/task:0/device:cpu:0, /job:localhost/replica:0/task:0/device:cpu:0|MobilenetV2/expanded_conv_16/project/kernel/Regularizer/l2_regularizer/L2Loss/_682,"        1|1
"
48,MobilenetV2/Logits/Dropout/dropout_1/ArithmeticOptimizer/RemoveIdempotent_random_uniform,0.0,0.0,20.48,0.016,0.0,0.016,0,0.0, /job:localhost/replica:0/task:0/device:gpu:0, /job:localhost/replica:0/task:0/device:gpu:0|MobilenetV2/Logits/Dropout/dropout_1/ArithmeticOptimizer/RemoveIdempotent_random_uniform,"        1|1
"
49,MobilenetV2/expanded_conv_5/project/weights/read/_1097,0.0,0.0,0.0,0.016,0.0,0.016,0,0.0, /job:localhost/replica:0/task:0/device:gpu:0, /job:localhost/replica:0/task:0/device:gpu:0|MobilenetV2/expanded_conv_5/project/weights/read/_1097,"        1|1
"
50,MobilenetV2/expanded_conv_12/project/weights/read/_1419,0.0,0.0,0.0,0.014999999999999998,0.0,0.014999999999999998,0,0.0, /job:localhost/replica:0/task:0/device:gpu:0, /job:localhost/replica:0/task:0/device:gpu:0|MobilenetV2/expanded_conv_12/project/weights/read/_1419,"        1|1
"
51,MobilenetV2/expanded_conv_12/project/weights/read/_1416,0.0,0.0,0.0,0.014,0.0,0.014,0,0.0, /job:localhost/replica:0/task:0/device:cpu:0, /job:localhost/replica:0/task:0/device:cpu:0|MobilenetV2/expanded_conv_12/project/weights/read/_1416,"        1|1
"
52,MobilenetV2/expanded_conv_2/expand/kernel/Regularizer/l2_regularizer/L2Loss/_721,0.0,0.0,0.0,0.014,0.0,0.014,0,0.0, /job:localhost/replica:0/task:0/device:gpu:0, /job:localhost/replica:0/task:0/device:gpu:0|MobilenetV2/expanded_conv_2/expand/kernel/Regularizer/l2_regularizer/L2Loss/_721,"        1|1
"
53,MobilenetV2/expanded_conv_13/project/kernel/Regularizer/l2_regularizer/L2Loss/_677,0.0,0.0,0.0,0.013,0.0,0.013,0,0.0, /job:localhost/replica:0/task:0/device:gpu:0, /job:localhost/replica:0/task:0/device:gpu:0|MobilenetV2/expanded_conv_13/project/kernel/Regularizer/l2_regularizer/L2Loss/_677,"        1|1
"
54,ExpandDims,0.25,0.25,0.25,0.013,0.0,0.013,0,0.0, |/job:localhost/replica:0/task:0/device:gpu:0, /job:localhost/replica:0/task:0/device:gpu:0|ExpandDims,"        1|7
"
55,_retval_train_step/Equal_0_0,0.0,0.0,0.0,0.013,0.0,0.013,0,0.0, /job:localhost/replica:0/task:0/device:cpu:0, /job:localhost/replica:0/task:0/device:cpu:0|_retval_train_step/Equal_0_0,"        1|1
"
56,Squeeze,0.0,0.0,0.25,0.012,0.0,0.012,0,0.0, |/job:localhost/replica:0/task:0/device:gpu:0, /job:localhost/replica:0/task:0/device:gpu:0|Squeeze,"        1|3
"
57,MobilenetV2/expanded_conv_15/expand/weights/read/_1527,0.0,0.0,0.0,0.012,0.0,0.012,0,0.0, /job:localhost/replica:0/task:0/device:gpu:0, /job:localhost/replica:0/task:0/device:gpu:0|MobilenetV2/expanded_conv_15/expand/weights/read/_1527,"        1|1
"
58,MobilenetV2/expanded_conv_15/project/kernel/Regularizer/l2_regularizer/L2Loss/_637,0.0,0.0,0.0,0.012,0.0,0.012,0,0.0, /job:localhost/replica:0/task:0/device:gpu:0, /job:localhost/replica:0/task:0/device:gpu:0|MobilenetV2/expanded_conv_15/project/kernel/Regularizer/l2_regularizer/L2Loss/_637,"        1|1
"
59,ConstantFolding/gradients/MobilenetV2/expanded_conv_2/expand/Conv2D_grad/ShapeN-matshapes-1,0.0,0.0,0.25,0.012,0.0,0.012,0,0.0, /job:localhost/replica:0/task:0/device:gpu:0, /job:localhost/replica:0/task:0/device:gpu:0|ConstantFolding/gradients/MobilenetV2/expanded_conv_2/expand/Conv2D_grad/ShapeN-matshapes-1,"        1|1
"
60,MobilenetV2/expanded_conv_3/expand/kernel/Regularizer/l2_regularizer/L2Loss/_749,0.0,0.0,0.0,0.012,0.0,0.012,0,0.0, /job:localhost/replica:0/task:0/device:gpu:0, /job:localhost/replica:0/task:0/device:gpu:0|MobilenetV2/expanded_conv_3/expand/kernel/Regularizer/l2_regularizer/L2Loss/_749,"        1|1
"
61,MobilenetV2/Logits/Conv2d_1c_1x1/BiasAdd-0-0-TransposeNCHWToNHWC-LayoutOptimizer,0.0,0.0,0.25,0.011,0.0,0.011,0,0.0, /job:localhost/replica:0/task:0/device:gpu:0, /job:localhost/replica:0/task:0/device:gpu:0|MobilenetV2/Logits/Conv2d_1c_1x1/BiasAdd-0-0-TransposeNCHWToNHWC-LayoutOptimizer,"        1|1
"
62,MobilenetV2/expanded_conv_14/project/kernel/Regularizer/l2_regularizer/L2Loss/_645,0.0,0.0,0.0,0.011,0.0,0.011,0,0.0, /job:localhost/replica:0/task:0/device:gpu:0, /job:localhost/replica:0/task:0/device:gpu:0|MobilenetV2/expanded_conv_14/project/kernel/Regularizer/l2_regularizer/L2Loss/_645,"        1|1
"
63,MobilenetV2/expanded_conv_16/project/weights/read/_1603,0.0,0.0,0.0,0.011,0.0,0.011,0,0.0, /job:localhost/replica:0/task:0/device:gpu:0, /job:localhost/replica:0/task:0/device:gpu:0|MobilenetV2/expanded_conv_16/project/weights/read/_1603,"        1|1
"
64,MobilenetV2/expanded_conv_4/expand/weights/read/_1017,0.0,0.0,0.0,0.011,0.0,0.011,0,0.0, /job:localhost/replica:0/task:0/device:gpu:0, /job:localhost/replica:0/task:0/device:gpu:0|MobilenetV2/expanded_conv_4/expand/weights/read/_1017,"        1|1
"
65,MobilenetV2/expanded_conv_8/expand/kernel/Regularizer/l2_regularizer/L2Loss/_689,0.0,0.0,0.0,0.011,0.0,0.011,0,0.0, /job:localhost/replica:0/task:0/device:gpu:0, /job:localhost/replica:0/task:0/device:gpu:0|MobilenetV2/expanded_conv_8/expand/kernel/Regularizer/l2_regularizer/L2Loss/_689,"        1|1
"
66,group_deps/_2029,0.0,0.0,0.0,0.011,0.0,0.011,0,0.0, /job:localhost/replica:0/task:0/device:gpu:0, /job:localhost/replica:0/task:0/device:gpu:0|group_deps/_2029,"        1|1
"
67,ConstantFolding/gradients/MobilenetV2/Conv/Conv2D_grad/ShapeN-matshapes-1,0.0,0.0,0.25,0.011,0.0,0.011,0,0.0, /job:localhost/replica:0/task:0/device:gpu:0, /job:localhost/replica:0/task:0/device:gpu:0|ConstantFolding/gradients/MobilenetV2/Conv/Conv2D_grad/ShapeN-matshapes-1,"        1|1
"
68,ConstantFolding/gradients/MobilenetV2/expanded_conv_1/expand/Conv2D_grad/ShapeN-matshapes-1,0.0,0.0,0.25,0.011,0.0,0.011,0,0.0, /job:localhost/replica:0/task:0/device:gpu:0, /job:localhost/replica:0/task:0/device:gpu:0|ConstantFolding/gradients/MobilenetV2/expanded_conv_1/expand/Conv2D_grad/ShapeN-matshapes-1,"        1|1
"
69,ConstantFolding/gradients/MobilenetV2/expanded_conv_1/project/Conv2D_grad/ShapeN-matshapes-1,0.0,0.0,0.25,0.009999999999999998,0.0,0.009999999999999998,0,0.0, /job:localhost/replica:0/task:0/device:gpu:0, /job:localhost/replica:0/task:0/device:gpu:0|ConstantFolding/gradients/MobilenetV2/expanded_conv_1/project/Conv2D_grad/ShapeN-matshapes-1,"        1|1
"
70,MobilenetV2/expanded_conv_11/project/weights/read/_1373,0.0,0.0,0.0,0.009999999999999998,0.0,0.009999999999999998,0,0.0, /job:localhost/replica:0/task:0/device:gpu:0, /job:localhost/replica:0/task:0/device:gpu:0|MobilenetV2/expanded_conv_11/project/weights/read/_1373,"        1|1
"
71,MobilenetV2/expanded_conv_12/project/kernel/Regularizer/l2_regularizer/L2Loss/_653,0.0,0.0,0.0,0.009999999999999998,0.0,0.009999999999999998,0,0.0, /job:localhost/replica:0/task:0/device:gpu:0, /job:localhost/replica:0/task:0/device:gpu:0|MobilenetV2/expanded_conv_12/project/kernel/Regularizer/l2_regularizer/L2Loss/_653,"        1|1
"
72,MobilenetV2/expanded_conv_13/expand/weights/read/_1435,0.0,0.0,0.0,0.009999999999999998,0.0,0.009999999999999998,0,0.0, /job:localhost/replica:0/task:0/device:gpu:0, /job:localhost/replica:0/task:0/device:gpu:0|MobilenetV2/expanded_conv_13/expand/weights/read/_1435,"        1|1
"
73,MobilenetV2/expanded_conv_13/project/weights/read/_1465,0.0,0.0,0.0,0.009999999999999998,0.0,0.009999999999999998,0,0.0, /job:localhost/replica:0/task:0/device:gpu:0, /job:localhost/replica:0/task:0/device:gpu:0|MobilenetV2/expanded_conv_13/project/weights/read/_1465,"        1|1
"
74,MobilenetV2/expanded_conv_14/expand/weights/read/_1477,0.0,0.0,0.0,0.009999999999999998,0.0,0.009999999999999998,0,0.0, /job:localhost/replica:0/task:0/device:gpu:0, /job:localhost/replica:0/task:0/device:gpu:0|MobilenetV2/expanded_conv_14/expand/weights/read/_1477,"        1|1
"
75,StopGradient,0.0,0.0,0.25,0.009999999999999998,0.0,0.009999999999999998,0,0.0, /job:localhost/replica:0/task:0/device:gpu:0, /job:localhost/replica:0/task:0/device:gpu:0|StopGradient,"        1|1
"
76,ConstantFolding/gradients/MobilenetV2/expanded_conv_2/project/Conv2D_grad/ShapeN-matshapes-1,0.0,0.0,0.25,0.009999999999999998,0.0,0.009999999999999998,0,0.0, /job:localhost/replica:0/task:0/device:gpu:0, /job:localhost/replica:0/task:0/device:gpu:0|ConstantFolding/gradients/MobilenetV2/expanded_conv_2/project/Conv2D_grad/ShapeN-matshapes-1,"        1|1
"
77,MobilenetV2/Conv/weights/read/_729,0.0,0.0,0.0,0.009999999999999998,0.0,0.009999999999999998,0,0.0, /job:localhost/replica:0/task:0/device:gpu:0, /job:localhost/replica:0/task:0/device:gpu:0|MobilenetV2/Conv/weights/read/_729,"        1|1
"
78,gradients/MobilenetV2/Logits/Conv2d_1c_1x1/Conv2D_grad/Conv2DBackpropInput-2-TransposeNHWCToNCHW-LayoutOptimizer,0.0,0.0,0.25,0.009999999999999998,0.0,0.009999999999999998,0,0.0, /job:localhost/replica:0/task:0/device:gpu:0, /job:localhost/replica:0/task:0/device:gpu:0|gradients/MobilenetV2/Logits/Conv2d_1c_1x1/Conv2D_grad/Conv2DBackpropInput-2-TransposeNHWCToNCHW-LayoutOptimizer,"        1|1
"
79,Pow,0.0,0.0,0.00390625,0.009999999999999998,0.0,0.009999999999999998,0,1e-06, /job:localhost/replica:0/task:0/device:cpu:0, /job:localhost/replica:0/task:0/device:cpu:0|Pow,"        1|1
"
80,MobilenetV2/expanded_conv_4/expand/kernel/Regularizer/l2_regularizer/L2Loss/_713,0.0,0.0,0.0,0.009999999999999998,0.0,0.009999999999999998,0,0.0, /job:localhost/replica:0/task:0/device:gpu:0, /job:localhost/replica:0/task:0/device:gpu:0|MobilenetV2/expanded_conv_4/expand/kernel/Regularizer/l2_regularizer/L2Loss/_713,"        1|1
"
81,MobilenetV2/expanded_conv_9/expand/weights/read/_1251,0.0,0.0,0.0,0.009999999999999998,0.0,0.009999999999999998,0,0.0, /job:localhost/replica:0/task:0/device:gpu:0, /job:localhost/replica:0/task:0/device:gpu:0|MobilenetV2/expanded_conv_9/expand/weights/read/_1251,"        1|1
"
82,MobilenetV2/Conv_1/weights/read/_1615,0.0,0.0,0.0,0.009999999999999998,0.0,0.009999999999999998,0,0.0, /job:localhost/replica:0/task:0/device:gpu:0, /job:localhost/replica:0/task:0/device:gpu:0|MobilenetV2/Conv_1/weights/read/_1615,"        1|1
"
83,MobilenetV2/expanded_conv_1/project/weights/read/_913,0.0,0.0,0.0,0.009999999999999998,0.0,0.009999999999999998,0,0.0, /job:localhost/replica:0/task:0/device:gpu:0, /job:localhost/replica:0/task:0/device:gpu:0|MobilenetV2/expanded_conv_1/project/weights/read/_913,"        1|1
"
84,MobilenetV2/expanded_conv_1/project/kernel/Regularizer/l2_regularizer/L2Loss/_745,0.0,0.0,0.0,0.009999999999999998,0.0,0.009999999999999998,0,0.0, /job:localhost/replica:0/task:0/device:gpu:0, /job:localhost/replica:0/task:0/device:gpu:0|MobilenetV2/expanded_conv_1/project/kernel/Regularizer/l2_regularizer/L2Loss/_745,"        1|1
"
85,MobilenetV2/expanded_conv_1/expand/weights/read/_879,0.0,0.0,0.0,0.009,0.0,0.009,0,0.0, /job:localhost/replica:0/task:0/device:gpu:0, /job:localhost/replica:0/task:0/device:gpu:0|MobilenetV2/expanded_conv_1/expand/weights/read/_879,"        1|1
"
86,MobilenetV2/expanded_conv_10/project/kernel/Regularizer/l2_regularizer/L2Loss/_669,0.0,0.0,0.0,0.009,0.0,0.009,0,0.0, /job:localhost/replica:0/task:0/device:gpu:0, /job:localhost/replica:0/task:0/device:gpu:0|MobilenetV2/expanded_conv_10/project/kernel/Regularizer/l2_regularizer/L2Loss/_669,"        1|1
"
87,MobilenetV2/expanded_conv_10/project/weights/read/_1327,0.0,0.0,0.0,0.009,0.0,0.009,0,0.0, /job:localhost/replica:0/task:0/device:gpu:0, /job:localhost/replica:0/task:0/device:gpu:0|MobilenetV2/expanded_conv_10/project/weights/read/_1327,"        1|1
"
88,MobilenetV2/expanded_conv_11/expand/weights/read/_1339,0.0,0.0,0.0,0.009,0.0,0.009,0,0.0, /job:localhost/replica:0/task:0/device:gpu:0, /job:localhost/replica:0/task:0/device:gpu:0|MobilenetV2/expanded_conv_11/expand/weights/read/_1339,"        1|1
"
89,MobilenetV2/expanded_conv_11/project/kernel/Regularizer/l2_regularizer/L2Loss/_661,0.0,0.0,0.0,0.009,0.0,0.009,0,0.0, /job:localhost/replica:0/task:0/device:gpu:0, /job:localhost/replica:0/task:0/device:gpu:0|MobilenetV2/expanded_conv_11/project/kernel/Regularizer/l2_regularizer/L2Loss/_661,"        1|1
"
90,MobilenetV2/expanded_conv_10/expand/kernel/Regularizer/l2_regularizer/L2Loss/_665,0.0,0.0,0.0,0.009,0.0,0.009,0,0.0, /job:localhost/replica:0/task:0/device:gpu:0, /job:localhost/replica:0/task:0/device:gpu:0|MobilenetV2/expanded_conv_10/expand/kernel/Regularizer/l2_regularizer/L2Loss/_665,"        1|1
"
91,ConstantFolding/gradients/MobilenetV2/expanded_conv/project/Conv2D_grad/ShapeN-matshapes-1,0.0,0.0,0.25,0.009,0.0,0.009,0,0.0, /job:localhost/replica:0/task:0/device:gpu:0, /job:localhost/replica:0/task:0/device:gpu:0|ConstantFolding/gradients/MobilenetV2/expanded_conv/project/Conv2D_grad/ShapeN-matshapes-1,"        1|1
"
92,MobilenetV2/expanded_conv_13/expand/kernel/Regularizer/l2_regularizer/L2Loss/_673,0.0,0.0,0.0,0.009,0.0,0.009,0,0.0, /job:localhost/replica:0/task:0/device:gpu:0, /job:localhost/replica:0/task:0/device:gpu:0|MobilenetV2/expanded_conv_13/expand/kernel/Regularizer/l2_regularizer/L2Loss/_673,"        1|1
"
93,MobilenetV2/expanded_conv_12/expand/kernel/Regularizer/l2_regularizer/L2Loss/_649,0.0,0.0,0.0,0.009,0.0,0.009,0,0.0, /job:localhost/replica:0/task:0/device:gpu:0, /job:localhost/replica:0/task:0/device:gpu:0|MobilenetV2/expanded_conv_12/expand/kernel/Regularizer/l2_regularizer/L2Loss/_649,"        1|1
"
94,MobilenetV2/expanded_conv_12/expand/weights/read/_1389,0.0,0.0,0.0,0.009,0.0,0.009,0,0.0, /job:localhost/replica:0/task:0/device:gpu:0, /job:localhost/replica:0/task:0/device:gpu:0|MobilenetV2/expanded_conv_12/expand/weights/read/_1389,"        1|1
"
95,ConstantFolding/gradients/MobilenetV2/expanded_conv_4/expand/Conv2D_grad/ShapeN-matshapes-1,0.0,0.0,0.25,0.009,0.0,0.009,0,0.0, /job:localhost/replica:0/task:0/device:gpu:0, /job:localhost/replica:0/task:0/device:gpu:0|ConstantFolding/gradients/MobilenetV2/expanded_conv_4/expand/Conv2D_grad/ShapeN-matshapes-1,"        1|1
"
96,MobilenetV2/expanded_conv_14/project/weights/read/_1511,0.0,0.0,0.0,0.009,0.0,0.009,0,0.0, /job:localhost/replica:0/task:0/device:gpu:0, /job:localhost/replica:0/task:0/device:gpu:0|MobilenetV2/expanded_conv_14/project/weights/read/_1511,"        1|1
"
97,ConstantFolding/gradients/MobilenetV2/expanded_conv_3/project/Conv2D_grad/ShapeN-matshapes-1,0.0,0.0,0.25,0.009,0.0,0.009,0,0.0, /job:localhost/replica:0/task:0/device:gpu:0, /job:localhost/replica:0/task:0/device:gpu:0|ConstantFolding/gradients/MobilenetV2/expanded_conv_3/project/Conv2D_grad/ShapeN-matshapes-1,"        1|1
"
98,MobilenetV2/expanded_conv_16/expand/weights/read/_1573,0.0,0.0,0.0,0.009,0.0,0.009,0,0.0, /job:localhost/replica:0/task:0/device:gpu:0, /job:localhost/replica:0/task:0/device:gpu:0|MobilenetV2/expanded_conv_16/expand/weights/read/_1573,"        1|1
"
99,MobilenetV2/expanded_conv_16/project/kernel/Regularizer/l2_regularizer/L2Loss/_685,0.0,0.0,0.0,0.009,0.0,0.009,0,0.0, /job:localhost/replica:0/task:0/device:gpu:0, /job:localhost/replica:0/task:0/device:gpu:0|MobilenetV2/expanded_conv_16/project/kernel/Regularizer/l2_regularizer/L2Loss/_685,"        1|1
"
100,MobilenetV2/expanded_conv_2/expand/weights/read/_925,0.0,0.0,0.0,0.009,0.0,0.009,0,0.0, /job:localhost/replica:0/task:0/device:gpu:0, /job:localhost/replica:0/task:0/device:gpu:0|MobilenetV2/expanded_conv_2/expand/weights/read/_925,"        1|1
"
101,MobilenetV2/expanded_conv_9/project/kernel/Regularizer/l2_regularizer/L2Loss/_769,0.0,0.0,0.0,0.009,0.0,0.009,0,0.0, /job:localhost/replica:0/task:0/device:gpu:0, /job:localhost/replica:0/task:0/device:gpu:0|MobilenetV2/expanded_conv_9/project/kernel/Regularizer/l2_regularizer/L2Loss/_769,"        1|1
"
102,MobilenetV2/expanded_conv_4/project/weights/read/_1051,0.0,0.0,0.0,0.009,0.0,0.009,0,0.0, /job:localhost/replica:0/task:0/device:gpu:0, /job:localhost/replica:0/task:0/device:gpu:0|MobilenetV2/expanded_conv_4/project/weights/read/_1051,"        1|1
"
103,MobilenetV2/expanded_conv_5/expand/weights/read/_1067,0.0,0.0,0.0,0.009,0.0,0.009,0,0.0, /job:localhost/replica:0/task:0/device:gpu:0, /job:localhost/replica:0/task:0/device:gpu:0|MobilenetV2/expanded_conv_5/expand/weights/read/_1067,"        1|1
"
104,MobilenetV2/expanded_conv_8/project/kernel/Regularizer/l2_regularizer/L2Loss/_693,0.0,0.0,0.0,0.009,0.0,0.009,0,0.0, /job:localhost/replica:0/task:0/device:gpu:0, /job:localhost/replica:0/task:0/device:gpu:0|MobilenetV2/expanded_conv_8/project/kernel/Regularizer/l2_regularizer/L2Loss/_693,"        1|1
"
105,MobilenetV2/expanded_conv_6/project/kernel/Regularizer/l2_regularizer/L2Loss/_761,0.0,0.0,0.0,0.009,0.0,0.009,0,0.0, /job:localhost/replica:0/task:0/device:gpu:0, /job:localhost/replica:0/task:0/device:gpu:0|MobilenetV2/expanded_conv_6/project/kernel/Regularizer/l2_regularizer/L2Loss/_761,"        1|1
"
106,MobilenetV2/expanded_conv_7/expand/weights/read/_1155,0.0,0.0,0.0,0.009,0.0,0.009,0,0.0, /job:localhost/replica:0/task:0/device:gpu:0, /job:localhost/replica:0/task:0/device:gpu:0|MobilenetV2/expanded_conv_7/expand/weights/read/_1155,"        1|1
"
107,MobilenetV2/expanded_conv_7/project/weights/read/_1189,0.0,0.0,0.0,0.009,0.0,0.009,0,0.0, /job:localhost/replica:0/task:0/device:gpu:0, /job:localhost/replica:0/task:0/device:gpu:0|MobilenetV2/expanded_conv_7/project/weights/read/_1189,"        1|1
"
108,MobilenetV2/Conv_1/kernel/Regularizer/l2_regularizer/L2Loss/_629,0.0,0.0,0.0,0.009,0.0,0.009,0,0.0, /job:localhost/replica:0/task:0/device:gpu:0, /job:localhost/replica:0/task:0/device:gpu:0|MobilenetV2/Conv_1/kernel/Regularizer/l2_regularizer/L2Loss/_629,"        1|1
"
109,ConstantFolding/softmax_cross_entropy_loss/div_1_recip,0.25,0.25,0.25,0.009,0.0,0.009,0,0.0, /job:localhost/replica:0/task:0/device:gpu:0, /job:localhost/replica:0/task:0/device:gpu:0|ConstantFolding/softmax_cross_entropy_loss/div_1_recip,"        1|1
"
110,MobilenetV2/Logits/Conv2d_1c_1x1/kernel/Regularizer/l2_regularizer/L2Loss/_625,0.0,0.0,0.0,0.009,0.0,0.009,0,0.0, /job:localhost/replica:0/task:0/device:gpu:0, /job:localhost/replica:0/task:0/device:gpu:0|MobilenetV2/Logits/Conv2d_1c_1x1/kernel/Regularizer/l2_regularizer/L2Loss/_625,"        1|1
"
111,ConstantFolding/gradients/MobilenetV2/expanded_conv_3/expand/Conv2D_grad/ShapeN-matshapes-1,0.0,0.0,0.25,0.008,0.0,0.008,0,0.0, /job:localhost/replica:0/task:0/device:gpu:0, /job:localhost/replica:0/task:0/device:gpu:0|ConstantFolding/gradients/MobilenetV2/expanded_conv_3/expand/Conv2D_grad/ShapeN-matshapes-1,"        1|1
"
112,MobilenetV2/expanded_conv_6/expand/kernel/Regularizer/l2_regularizer/L2Loss/_757,0.0,0.0,0.0,0.008,0.0,0.008,0,0.0, /job:localhost/replica:0/task:0/device:gpu:0, /job:localhost/replica:0/task:0/device:gpu:0|MobilenetV2/expanded_conv_6/expand/kernel/Regularizer/l2_regularizer/L2Loss/_757,"        1|1
"
113,MobilenetV2/expanded_conv_15/project/kernel/Regularizer/l2_regularizer/L2Loss/_634,0.0,0.0,0.0,0.008,0.0,0.008,0,0.0, /job:localhost/replica:0/task:0/device:cpu:0, /job:localhost/replica:0/task:0/device:cpu:0|MobilenetV2/expanded_conv_15/project/kernel/Regularizer/l2_regularizer/L2Loss/_634,"        1|1
"
114,MobilenetV2/Conv/kernel/Regularizer/l2_regularizer/L2Loss/_733,0.0,0.0,0.0,0.008,0.0,0.008,0,0.0, /job:localhost/replica:0/task:0/device:gpu:0, /job:localhost/replica:0/task:0/device:gpu:0|MobilenetV2/Conv/kernel/Regularizer/l2_regularizer/L2Loss/_733,"        1|1
"
115,MobilenetV2/expanded_conv_8/project/weights/read/_1232,0.0,0.0,0.0,0.008,0.0,0.008,0,0.0, /job:localhost/replica:0/task:0/device:cpu:0, /job:localhost/replica:0/task:0/device:cpu:0|MobilenetV2/expanded_conv_8/project/weights/read/_1232,"        1|1
"
116,MobilenetV2/expanded_conv_15/expand/kernel/Regularizer/l2_regularizer/L2Loss/_633,0.0,0.0,0.0,0.008,0.0,0.008,0,0.0, /job:localhost/replica:0/task:0/device:gpu:0, /job:localhost/replica:0/task:0/device:gpu:0|MobilenetV2/expanded_conv_15/expand/kernel/Regularizer/l2_regularizer/L2Loss/_633,"        1|1
"
117,MobilenetV2/expanded_conv_8/project/weights/read/_1235,0.0,0.0,0.0,0.008,0.0,0.008,0,0.0, /job:localhost/replica:0/task:0/device:gpu:0, /job:localhost/replica:0/task:0/device:gpu:0|MobilenetV2/expanded_conv_8/project/weights/read/_1235,"        1|1
"
118,MobilenetV2/expanded_conv_15/expand/kernel/Regularizer/l2_regularizer/L2Loss/_630,0.0,0.0,0.0,0.008,0.0,0.008,0,0.0, /job:localhost/replica:0/task:0/device:cpu:0, /job:localhost/replica:0/task:0/device:cpu:0|MobilenetV2/expanded_conv_15/expand/kernel/Regularizer/l2_regularizer/L2Loss/_630,"        1|1
"
119,MobilenetV2/expanded_conv_9/expand/kernel/Regularizer/l2_regularizer/L2Loss/_765,0.0,0.0,0.0,0.008,0.0,0.008,0,0.0, /job:localhost/replica:0/task:0/device:gpu:0, /job:localhost/replica:0/task:0/device:gpu:0|MobilenetV2/expanded_conv_9/expand/kernel/Regularizer/l2_regularizer/L2Loss/_765,"        1|1
"
120,MobilenetV2/expanded_conv_4/project/kernel/Regularizer/l2_regularizer/L2Loss/_717,0.0,0.0,0.0,0.008,0.0,0.008,0,0.0, /job:localhost/replica:0/task:0/device:gpu:0, /job:localhost/replica:0/task:0/device:gpu:0|MobilenetV2/expanded_conv_4/project/kernel/Regularizer/l2_regularizer/L2Loss/_717,"        1|1
"
121,ConstantFolding/gradients/MobilenetV2/expanded_conv_5/project/Conv2D_grad/ShapeN-matshapes-1,0.0,0.0,0.25,0.008,0.0,0.008,0,0.0, /job:localhost/replica:0/task:0/device:gpu:0, /job:localhost/replica:0/task:0/device:gpu:0|ConstantFolding/gradients/MobilenetV2/expanded_conv_5/project/Conv2D_grad/ShapeN-matshapes-1,"        1|1
"
122,ConstantFolding/gradients/MobilenetV2/expanded_conv_5/expand/Conv2D_grad/ShapeN-matshapes-1,0.0,0.0,0.25,0.008,0.0,0.008,0,0.0, /job:localhost/replica:0/task:0/device:gpu:0, /job:localhost/replica:0/task:0/device:gpu:0|ConstantFolding/gradients/MobilenetV2/expanded_conv_5/expand/Conv2D_grad/ShapeN-matshapes-1,"        1|1
"
123,gradients/MobilenetV2/Logits/AvgPool_grad/AvgPoolGrad-1-TransposeNHWCToNCHW-LayoutOptimizer,0.0,0.0,20.48,0.008,0.0,0.008,0,0.0, /job:localhost/replica:0/task:0/device:gpu:0, /job:localhost/replica:0/task:0/device:gpu:0|gradients/MobilenetV2/Logits/AvgPool_grad/AvgPoolGrad-1-TransposeNHWCToNCHW-LayoutOptimizer,"        1|1
"
124,MobilenetV2/expanded_conv_9/project/weights/read/_1281,0.0,0.0,0.0,0.008,0.0,0.008,0,0.0, /job:localhost/replica:0/task:0/device:gpu:0, /job:localhost/replica:0/task:0/device:gpu:0|MobilenetV2/expanded_conv_9/project/weights/read/_1281,"        1|1
"
125,MobilenetV2/expanded_conv_14/expand/kernel/Regularizer/l2_regularizer/L2Loss/_641,0.0,0.0,0.0,0.008,0.0,0.008,0,0.0, /job:localhost/replica:0/task:0/device:gpu:0, /job:localhost/replica:0/task:0/device:gpu:0|MobilenetV2/expanded_conv_14/expand/kernel/Regularizer/l2_regularizer/L2Loss/_641,"        1|1
"
126,gradients/MobilenetV2/expanded_conv/depthwise/depthwise_grad/DepthwiseConv2dNativeBackpropInput-0-LayoutOptimizer,0.0,0.0,0.25,0.008,0.0,0.008,0,0.0, /job:localhost/replica:0/task:0/device:gpu:0, /job:localhost/replica:0/task:0/device:gpu:0|gradients/MobilenetV2/expanded_conv/depthwise/depthwise_grad/DepthwiseConv2dNativeBackpropInput-0-LayoutOptimizer,"        1|1
"
127,MobilenetV2/expanded_conv_2/project/kernel/Regularizer/l2_regularizer/L2Loss/_725,0.0,0.0,0.0,0.008,0.0,0.008,0,0.0, /job:localhost/replica:0/task:0/device:gpu:0, /job:localhost/replica:0/task:0/device:gpu:0|MobilenetV2/expanded_conv_2/project/kernel/Regularizer/l2_regularizer/L2Loss/_725,"        1|1
"
128,MobilenetV2/expanded_conv_2/expand/kernel/Regularizer/l2_regularizer/L2Loss/_718,0.0,0.0,0.0,0.008,0.0,0.008,0,0.0, /job:localhost/replica:0/task:0/device:cpu:0, /job:localhost/replica:0/task:0/device:cpu:0|MobilenetV2/expanded_conv_2/expand/kernel/Regularizer/l2_regularizer/L2Loss/_718,"        1|1
"
129,MobilenetV2/expanded_conv/project/weights/read/_867,0.0,0.0,0.0,0.008,0.0,0.008,0,0.0, /job:localhost/replica:0/task:0/device:gpu:0, /job:localhost/replica:0/task:0/device:gpu:0|MobilenetV2/expanded_conv/project/weights/read/_867,"        1|1
"
130,MobilenetV2/expanded_conv_1/expand/kernel/Regularizer/l2_regularizer/L2Loss/_741,0.0,0.0,0.0,0.008,0.0,0.008,0,0.0, /job:localhost/replica:0/task:0/device:gpu:0, /job:localhost/replica:0/task:0/device:gpu:0|MobilenetV2/expanded_conv_1/expand/kernel/Regularizer/l2_regularizer/L2Loss/_741,"        1|1
"
131,MobilenetV2/expanded_conv_7/project/kernel/Regularizer/l2_regularizer/L2Loss/_701,0.0,0.0,0.0,0.008,0.0,0.008,0,0.0, /job:localhost/replica:0/task:0/device:gpu:0, /job:localhost/replica:0/task:0/device:gpu:0|MobilenetV2/expanded_conv_7/project/kernel/Regularizer/l2_regularizer/L2Loss/_701,"        1|1
"
132,gradients/MobilenetV2/expanded_conv_14/expand/Conv2D_grad/Conv2DBackpropInput-0-LayoutOptimizer,0.0,0.0,0.25,0.008,0.0,0.008,0,0.0, /job:localhost/replica:0/task:0/device:gpu:0, /job:localhost/replica:0/task:0/device:gpu:0|gradients/MobilenetV2/expanded_conv_14/expand/Conv2D_grad/Conv2DBackpropInput-0-LayoutOptimizer,"        1|1
"
133,ConstantFolding/gradients/MobilenetV2/expanded_conv_6/expand/Conv2D_grad/ShapeN-matshapes-1,0.0,0.0,0.25,0.008,0.0,0.008,0,0.0, /job:localhost/replica:0/task:0/device:gpu:0, /job:localhost/replica:0/task:0/device:gpu:0|ConstantFolding/gradients/MobilenetV2/expanded_conv_6/expand/Conv2D_grad/ShapeN-matshapes-1,"        1|1
"
134,MobilenetV2/expanded_conv_16/expand/kernel/Regularizer/l2_regularizer/L2Loss/_681,0.0,0.0,0.0,0.008,0.0,0.008,0,0.0, /job:localhost/replica:0/task:0/device:gpu:0, /job:localhost/replica:0/task:0/device:gpu:0|MobilenetV2/expanded_conv_16/expand/kernel/Regularizer/l2_regularizer/L2Loss/_681,"        1|1
"
135,MobilenetV2/expanded_conv_2/project/weights/read/_959,0.0,0.0,0.0,0.008,0.0,0.008,0,0.0, /job:localhost/replica:0/task:0/device:gpu:0, /job:localhost/replica:0/task:0/device:gpu:0|MobilenetV2/expanded_conv_2/project/weights/read/_959,"        1|1
"
136,ConstantFolding/gradients/MobilenetV2/expanded_conv_7/expand/Conv2D_grad/ShapeN-matshapes-1,0.0,0.0,0.25,0.008,0.0,0.008,0,0.0, /job:localhost/replica:0/task:0/device:gpu:0, /job:localhost/replica:0/task:0/device:gpu:0|ConstantFolding/gradients/MobilenetV2/expanded_conv_7/expand/Conv2D_grad/ShapeN-matshapes-1,"        1|1
"
137,gradients/MobilenetV2/expanded_conv_9/project/Conv2D_grad/Conv2DBackpropInput-0-LayoutOptimizer,0.0,0.0,0.25,0.008,0.0,0.008,0,0.0, /job:localhost/replica:0/task:0/device:gpu:0, /job:localhost/replica:0/task:0/device:gpu:0|gradients/MobilenetV2/expanded_conv_9/project/Conv2D_grad/Conv2DBackpropInput-0-LayoutOptimizer,"        1|1
"
138,MobilenetV2/expanded_conv_10/expand/weights/read/_1297,0.0,0.0,0.0,0.008,0.0,0.008,0,0.0, /job:localhost/replica:0/task:0/device:gpu:0, /job:localhost/replica:0/task:0/device:gpu:0|MobilenetV2/expanded_conv_10/expand/weights/read/_1297,"        1|1
"
139,MobilenetV2/expanded_conv_8/expand/weights/read/_1205,0.0,0.0,0.0,0.008,0.0,0.008,0,0.0, /job:localhost/replica:0/task:0/device:gpu:0, /job:localhost/replica:0/task:0/device:gpu:0|MobilenetV2/expanded_conv_8/expand/weights/read/_1205,"        1|1
"
140,MobilenetV2/Conv_1/kernel/Regularizer/l2_regularizer/L2Loss/_626,0.0,0.0,0.0,0.008,0.0,0.008,0,0.0, /job:localhost/replica:0/task:0/device:cpu:0, /job:localhost/replica:0/task:0/device:cpu:0|MobilenetV2/Conv_1/kernel/Regularizer/l2_regularizer/L2Loss/_626,"        1|1
"
141,gradients/MobilenetV2/expanded_conv_16/project/Conv2D_grad/Conv2DBackpropInput-0-LayoutOptimizer,0.0,0.0,0.25,0.007,0.0,0.007,0,0.0, /job:localhost/replica:0/task:0/device:gpu:0, /job:localhost/replica:0/task:0/device:gpu:0|gradients/MobilenetV2/expanded_conv_16/project/Conv2D_grad/Conv2DBackpropInput-0-LayoutOptimizer,"        1|1
"
142,gradients/MobilenetV2/expanded_conv_12/project/Conv2D_grad/Conv2DBackpropInput-0-LayoutOptimizer,0.0,0.0,0.25,0.007,0.0,0.007,0,0.0, /job:localhost/replica:0/task:0/device:gpu:0, /job:localhost/replica:0/task:0/device:gpu:0|gradients/MobilenetV2/expanded_conv_12/project/Conv2D_grad/Conv2DBackpropInput-0-LayoutOptimizer,"        1|1
"
143,ConstantFolding/gradients/MobilenetV2/expanded_conv_8/expand/Conv2D_grad/ShapeN-matshapes-1,0.0,0.0,0.25,0.007,0.0,0.007,0,0.0, /job:localhost/replica:0/task:0/device:gpu:0, /job:localhost/replica:0/task:0/device:gpu:0|ConstantFolding/gradients/MobilenetV2/expanded_conv_8/expand/Conv2D_grad/ShapeN-matshapes-1,"        1|1
"
144,MobilenetV2/expanded_conv_3/expand/weights/read/_975,0.0,0.0,0.0,0.007,0.0,0.007,0,0.0, /job:localhost/replica:0/task:0/device:gpu:0, /job:localhost/replica:0/task:0/device:gpu:0|MobilenetV2/expanded_conv_3/expand/weights/read/_975,"        1|1
"
145,MobilenetV2/expanded_conv_14/project/kernel/Regularizer/l2_regularizer/L2Loss/_642,0.0,0.0,0.0,0.007,0.0,0.007,0,0.0, /job:localhost/replica:0/task:0/device:cpu:0, /job:localhost/replica:0/task:0/device:cpu:0|MobilenetV2/expanded_conv_14/project/kernel/Regularizer/l2_regularizer/L2Loss/_642,"        1|1
"
146,ConstantFolding/gradients/MobilenetV2/expanded_conv_8/project/Conv2D_grad/ShapeN-matshapes-1,0.0,0.0,0.25,0.007,0.0,0.007,0,0.0, /job:localhost/replica:0/task:0/device:gpu:0, /job:localhost/replica:0/task:0/device:gpu:0|ConstantFolding/gradients/MobilenetV2/expanded_conv_8/project/Conv2D_grad/ShapeN-matshapes-1,"        1|1
"
147,MobilenetV2/expanded_conv_3/project/kernel/Regularizer/l2_regularizer/L2Loss/_753,0.0,0.0,0.0,0.007,0.0,0.007,0,0.0, /job:localhost/replica:0/task:0/device:gpu:0, /job:localhost/replica:0/task:0/device:gpu:0|MobilenetV2/expanded_conv_3/project/kernel/Regularizer/l2_regularizer/L2Loss/_753,"        1|1
"
148,gradients/MobilenetV2/expanded_conv_14/project/Conv2D_grad/Conv2DBackpropInput-0-LayoutOptimizer,0.0,0.0,0.25,0.007,0.0,0.007,0,0.0, /job:localhost/replica:0/task:0/device:gpu:0, /job:localhost/replica:0/task:0/device:gpu:0|gradients/MobilenetV2/expanded_conv_14/project/Conv2D_grad/Conv2DBackpropInput-0-LayoutOptimizer,"        1|1
"
149,MobilenetV2/expanded_conv_14/expand/kernel/Regularizer/l2_regularizer/L2Loss/_638,0.0,0.0,0.0,0.007,0.0,0.007,0,0.0, /job:localhost/replica:0/task:0/device:cpu:0, /job:localhost/replica:0/task:0/device:cpu:0|MobilenetV2/expanded_conv_14/expand/kernel/Regularizer/l2_regularizer/L2Loss/_638,"        1|1
"
150,ConstantFolding/gradients/MobilenetV2/expanded_conv_4/project/Conv2D_grad/ShapeN-matshapes-1,0.0,0.0,0.25,0.007,0.0,0.007,0,0.0, /job:localhost/replica:0/task:0/device:gpu:0, /job:localhost/replica:0/task:0/device:gpu:0|ConstantFolding/gradients/MobilenetV2/expanded_conv_4/project/Conv2D_grad/ShapeN-matshapes-1,"        1|1
"
151,_retval_train_op_0_1,0.0,0.0,0.0,0.007,0.0,0.007,0,0.0, /job:localhost/replica:0/task:0/device:cpu:0, /job:localhost/replica:0/task:0/device:cpu:0|_retval_train_op_0_1,"        1|1
"
152,gradients/MobilenetV2/expanded_conv_10/expand/Conv2D_grad/Conv2DBackpropInput-0-LayoutOptimizer,0.0,0.0,0.25,0.007,0.0,0.007,0,0.0, /job:localhost/replica:0/task:0/device:gpu:0, /job:localhost/replica:0/task:0/device:gpu:0|gradients/MobilenetV2/expanded_conv_10/expand/Conv2D_grad/Conv2DBackpropInput-0-LayoutOptimizer,"        1|1
"
153,AssignAdd,0.0,0.0,0.0078125,0.007,0.0,0.007,0,1e-06, /job:localhost/replica:0/task:0/device:cpu:0, /job:localhost/replica:0/task:0/device:cpu:0|AssignAdd,"        1|1
"
154,MobilenetV2/expanded_conv_7/expand/kernel/Regularizer/l2_regularizer/L2Loss/_697,0.0,0.0,0.0,0.007,0.0,0.007,0,0.0, /job:localhost/replica:0/task:0/device:gpu:0, /job:localhost/replica:0/task:0/device:gpu:0|MobilenetV2/expanded_conv_7/expand/kernel/Regularizer/l2_regularizer/L2Loss/_697,"        1|1
"
155,MobilenetV2/expanded_conv_6/project/weights/read/_1143,0.0,0.0,0.0,0.007,0.0,0.007,0,0.0, /job:localhost/replica:0/task:0/device:gpu:0, /job:localhost/replica:0/task:0/device:gpu:0|MobilenetV2/expanded_conv_6/project/weights/read/_1143,"        1|1
"
156,ConstantFolding/gradients/MobilenetV2/Logits/Dropout/dropout_1/div_grad/RealDiv_recip,0.25,0.25,0.25,0.007,0.0,0.007,0,0.0, /job:localhost/replica:0/task:0/device:gpu:0, /job:localhost/replica:0/task:0/device:gpu:0|ConstantFolding/gradients/MobilenetV2/Logits/Dropout/dropout_1/div_grad/RealDiv_recip,"        1|1
"
157,MobilenetV2/expanded_conv_6/expand/weights/read/_1113,0.0,0.0,0.0,0.007,0.0,0.007,0,0.0, /job:localhost/replica:0/task:0/device:gpu:0, /job:localhost/replica:0/task:0/device:gpu:0|MobilenetV2/expanded_conv_6/expand/weights/read/_1113,"        1|1
"
158,MobilenetV2/expanded_conv_11/expand/kernel/Regularizer/l2_regularizer/L2Loss/_657,0.0,0.0,0.0,0.007,0.0,0.007,0,0.0, /job:localhost/replica:0/task:0/device:gpu:0, /job:localhost/replica:0/task:0/device:gpu:0|MobilenetV2/expanded_conv_11/expand/kernel/Regularizer/l2_regularizer/L2Loss/_657,"        1|1
"
159,ConstantFolding/gradients/MobilenetV2/Logits/Conv2d_1c_1x1/Conv2D_grad/ShapeN-matshapes-1,0.0,0.0,0.25,0.007,0.0,0.007,0,0.0, /job:localhost/replica:0/task:0/device:gpu:0, /job:localhost/replica:0/task:0/device:gpu:0|ConstantFolding/gradients/MobilenetV2/Logits/Conv2d_1c_1x1/Conv2D_grad/ShapeN-matshapes-1,"        1|1
"
160,MobilenetV2/expanded_conv_3/project/weights/read/_1005,0.0,0.0,0.0,0.007,0.0,0.007,0,0.0, /job:localhost/replica:0/task:0/device:gpu:0, /job:localhost/replica:0/task:0/device:gpu:0|MobilenetV2/expanded_conv_3/project/weights/read/_1005,"        1|1
"
161,MobilenetV2/expanded_conv_13/project/kernel/Regularizer/l2_regularizer/L2Loss/_674,0.0,0.0,0.0,0.007,0.0,0.007,0,0.0, /job:localhost/replica:0/task:0/device:cpu:0, /job:localhost/replica:0/task:0/device:cpu:0|MobilenetV2/expanded_conv_13/project/kernel/Regularizer/l2_regularizer/L2Loss/_674,"        1|1
"
162,MobilenetV2/expanded_conv_5/expand/kernel/Regularizer/l2_regularizer/L2Loss/_705,0.0,0.0,0.0,0.007,0.0,0.007,0,0.0, /job:localhost/replica:0/task:0/device:gpu:0, /job:localhost/replica:0/task:0/device:gpu:0|MobilenetV2/expanded_conv_5/expand/kernel/Regularizer/l2_regularizer/L2Loss/_705,"        1|1
"
163,MobilenetV2/expanded_conv_13/expand/kernel/Regularizer/l2_regularizer/L2Loss/_670,0.0,0.0,0.0,0.007,0.0,0.007,0,0.0, /job:localhost/replica:0/task:0/device:cpu:0, /job:localhost/replica:0/task:0/device:cpu:0|MobilenetV2/expanded_conv_13/expand/kernel/Regularizer/l2_regularizer/L2Loss/_670,"        1|1
"
164,gradients/MobilenetV2/expanded_conv_3/project/Conv2D_grad/Conv2DBackpropInput-0-LayoutOptimizer,0.0,0.0,0.25,0.007,0.0,0.007,0,0.0, /job:localhost/replica:0/task:0/device:gpu:0, /job:localhost/replica:0/task:0/device:gpu:0|gradients/MobilenetV2/expanded_conv_3/project/Conv2D_grad/Conv2DBackpropInput-0-LayoutOptimizer,"        1|1
"
165,MobilenetV2/expanded_conv_7/expand/kernel/Regularizer/l2_regularizer/L2Loss/_694,0.0,0.0,0.0,0.006,0.0,0.006,0,0.0, /job:localhost/replica:0/task:0/device:cpu:0, /job:localhost/replica:0/task:0/device:cpu:0|MobilenetV2/expanded_conv_7/expand/kernel/Regularizer/l2_regularizer/L2Loss/_694,"        1|1
"
166,gradients/MobilenetV2/expanded_conv_13/project/Conv2D_grad/Conv2DBackpropInput-0-LayoutOptimizer,0.0,0.0,0.25,0.006,0.0,0.006,0,0.0, /job:localhost/replica:0/task:0/device:gpu:0, /job:localhost/replica:0/task:0/device:gpu:0|gradients/MobilenetV2/expanded_conv_13/project/Conv2D_grad/Conv2DBackpropInput-0-LayoutOptimizer,"        1|1
"
167,MobilenetV2/expanded_conv_7/project/kernel/Regularizer/l2_regularizer/L2Loss/_698,0.0,0.0,0.0,0.006,0.0,0.006,0,0.0, /job:localhost/replica:0/task:0/device:cpu:0, /job:localhost/replica:0/task:0/device:cpu:0|MobilenetV2/expanded_conv_7/project/kernel/Regularizer/l2_regularizer/L2Loss/_698,"        1|1
"
168,ConstantFolding/gradients/MobilenetV2/expanded_conv_9/expand/Conv2D_grad/ShapeN-matshapes-1,0.0,0.0,0.25,0.006,0.0,0.006,0,0.0, /job:localhost/replica:0/task:0/device:gpu:0, /job:localhost/replica:0/task:0/device:gpu:0|ConstantFolding/gradients/MobilenetV2/expanded_conv_9/expand/Conv2D_grad/ShapeN-matshapes-1,"        1|1
"
169,MobilenetV2/expanded_conv_2/project/kernel/Regularizer/l2_regularizer/L2Loss/_722,0.0,0.0,0.0,0.006,0.0,0.006,0,0.0, /job:localhost/replica:0/task:0/device:cpu:0, /job:localhost/replica:0/task:0/device:cpu:0|MobilenetV2/expanded_conv_2/project/kernel/Regularizer/l2_regularizer/L2Loss/_722,"        1|1
"
170,MobilenetV2/expanded_conv_3/project/kernel/Regularizer/l2_regularizer/L2Loss/_750,0.0,0.0,0.0,0.006,0.0,0.006,0,0.0, /job:localhost/replica:0/task:0/device:cpu:0, /job:localhost/replica:0/task:0/device:cpu:0|MobilenetV2/expanded_conv_3/project/kernel/Regularizer/l2_regularizer/L2Loss/_750,"        1|1
"
171,MobilenetV2/expanded_conv_5/project/kernel/Regularizer/l2_regularizer/L2Loss/_706,0.0,0.0,0.0,0.006,0.0,0.006,0,0.0, /job:localhost/replica:0/task:0/device:cpu:0, /job:localhost/replica:0/task:0/device:cpu:0|MobilenetV2/expanded_conv_5/project/kernel/Regularizer/l2_regularizer/L2Loss/_706,"        1|1
"
172,gradients/MobilenetV2/expanded_conv_15/project/Conv2D_grad/Conv2DBackpropInput-0-LayoutOptimizer,0.0,0.0,0.25,0.006,0.0,0.006,0,0.0, /job:localhost/replica:0/task:0/device:gpu:0, /job:localhost/replica:0/task:0/device:gpu:0|gradients/MobilenetV2/expanded_conv_15/project/Conv2D_grad/Conv2DBackpropInput-0-LayoutOptimizer,"        1|1
"
173,MobilenetV2/expanded_conv_4/project/kernel/Regularizer/l2_regularizer/L2Loss/_714,0.0,0.0,0.0,0.006,0.0,0.006,0,0.0, /job:localhost/replica:0/task:0/device:cpu:0, /job:localhost/replica:0/task:0/device:cpu:0|MobilenetV2/expanded_conv_4/project/kernel/Regularizer/l2_regularizer/L2Loss/_714,"        1|1
"
174,gradients/MobilenetV2/Conv_1/Conv2D_grad/Conv2DBackpropInput-0-LayoutOptimizer,0.0,0.0,0.25,0.006,0.0,0.006,0,0.0, /job:localhost/replica:0/task:0/device:gpu:0, /job:localhost/replica:0/task:0/device:gpu:0|gradients/MobilenetV2/Conv_1/Conv2D_grad/Conv2DBackpropInput-0-LayoutOptimizer,"        1|1
"
175,MobilenetV2/expanded_conv_3/expand/kernel/Regularizer/l2_regularizer/L2Loss/_746,0.0,0.0,0.0,0.006,0.0,0.006,0,0.0, /job:localhost/replica:0/task:0/device:cpu:0, /job:localhost/replica:0/task:0/device:cpu:0|MobilenetV2/expanded_conv_3/expand/kernel/Regularizer/l2_regularizer/L2Loss/_746,"        1|1
"
176,gradients/MobilenetV2/expanded_conv_16/expand/Conv2D_grad/Conv2DBackpropInput-0-LayoutOptimizer,0.0,0.0,0.25,0.006,0.0,0.006,0,0.0, /job:localhost/replica:0/task:0/device:gpu:0, /job:localhost/replica:0/task:0/device:gpu:0|gradients/MobilenetV2/expanded_conv_16/expand/Conv2D_grad/Conv2DBackpropInput-0-LayoutOptimizer,"        1|1
"
177,ConstantFolding/gradients/MobilenetV2/expanded_conv_6/project/Conv2D_grad/ShapeN-matshapes-1,0.0,0.0,0.25,0.006,0.0,0.006,0,0.0, /job:localhost/replica:0/task:0/device:gpu:0, /job:localhost/replica:0/task:0/device:gpu:0|ConstantFolding/gradients/MobilenetV2/expanded_conv_6/project/Conv2D_grad/ShapeN-matshapes-1,"        1|1
"
178,MobilenetV2/expanded_conv_10/project/kernel/Regularizer/l2_regularizer/L2Loss/_666,0.0,0.0,0.0,0.006,0.0,0.006,0,0.0, /job:localhost/replica:0/task:0/device:cpu:0, /job:localhost/replica:0/task:0/device:cpu:0|MobilenetV2/expanded_conv_10/project/kernel/Regularizer/l2_regularizer/L2Loss/_666,"        1|1
"
179,gradients/MobilenetV2/expanded_conv_2/depthwise/depthwise_grad/DepthwiseConv2dNativeBackpropInput-0-LayoutOptimizer,0.0,0.0,0.25,0.006,0.0,0.006,0,0.0, /job:localhost/replica:0/task:0/device:gpu:0, /job:localhost/replica:0/task:0/device:gpu:0|gradients/MobilenetV2/expanded_conv_2/depthwise/depthwise_grad/DepthwiseConv2dNativeBackpropInput-0-LayoutOptimizer,"        1|1
"
180,MobilenetV2/expanded_conv_12/expand/kernel/Regularizer/l2_regularizer/L2Loss/_646,0.0,0.0,0.0,0.006,0.0,0.006,0,0.0, /job:localhost/replica:0/task:0/device:cpu:0, /job:localhost/replica:0/task:0/device:cpu:0|MobilenetV2/expanded_conv_12/expand/kernel/Regularizer/l2_regularizer/L2Loss/_646,"        1|1
"
181,gradients/MobilenetV2/expanded_conv_2/expand/Conv2D_grad/Conv2DBackpropInput-0-LayoutOptimizer,0.0,0.0,0.25,0.006,0.0,0.006,0,0.0, /job:localhost/replica:0/task:0/device:gpu:0, /job:localhost/replica:0/task:0/device:gpu:0|gradients/MobilenetV2/expanded_conv_2/expand/Conv2D_grad/Conv2DBackpropInput-0-LayoutOptimizer,"        1|1
"
182,gradients/MobilenetV2/expanded_conv_11/expand/Conv2D_grad/Conv2DBackpropInput-0-LayoutOptimizer,0.0,0.0,0.25,0.006,0.0,0.006,0,0.0, /job:localhost/replica:0/task:0/device:gpu:0, /job:localhost/replica:0/task:0/device:gpu:0|gradients/MobilenetV2/expanded_conv_11/expand/Conv2D_grad/Conv2DBackpropInput-0-LayoutOptimizer,"        1|1
"
183,gradients/MobilenetV2/expanded_conv_15/expand/Conv2D_grad/Conv2DBackpropInput-0-LayoutOptimizer,0.0,0.0,0.25,0.006,0.0,0.006,0,0.0, /job:localhost/replica:0/task:0/device:gpu:0, /job:localhost/replica:0/task:0/device:gpu:0|gradients/MobilenetV2/expanded_conv_15/expand/Conv2D_grad/Conv2DBackpropInput-0-LayoutOptimizer,"        1|1
"
184,gradients/MobilenetV2/expanded_conv/project/Conv2D_grad/Conv2DBackpropInput-0-LayoutOptimizer,0.0,0.0,0.25,0.006,0.0,0.006,0,0.0, /job:localhost/replica:0/task:0/device:gpu:0, /job:localhost/replica:0/task:0/device:gpu:0|gradients/MobilenetV2/expanded_conv/project/Conv2D_grad/Conv2DBackpropInput-0-LayoutOptimizer,"        1|1
"
185,gradients/MobilenetV2/expanded_conv_2/project/Conv2D_grad/Conv2DBackpropInput-0-LayoutOptimizer,0.0,0.0,0.25,0.006,0.0,0.006,0,0.0, /job:localhost/replica:0/task:0/device:gpu:0, /job:localhost/replica:0/task:0/device:gpu:0|gradients/MobilenetV2/expanded_conv_2/project/Conv2D_grad/Conv2DBackpropInput-0-LayoutOptimizer,"        1|1
"
186,MobilenetV2/expanded_conv_12/project/kernel/Regularizer/l2_regularizer/L2Loss/_650,0.0,0.0,0.0,0.006,0.0,0.006,0,0.0, /job:localhost/replica:0/task:0/device:cpu:0, /job:localhost/replica:0/task:0/device:cpu:0|MobilenetV2/expanded_conv_12/project/kernel/Regularizer/l2_regularizer/L2Loss/_650,"        1|1
"
187,gradients/MobilenetV2/expanded_conv_3/expand/Conv2D_grad/Conv2DBackpropInput-0-LayoutOptimizer,0.0,0.0,0.25,0.006,0.0,0.006,0,0.0, /job:localhost/replica:0/task:0/device:gpu:0, /job:localhost/replica:0/task:0/device:gpu:0|gradients/MobilenetV2/expanded_conv_3/expand/Conv2D_grad/Conv2DBackpropInput-0-LayoutOptimizer,"        1|1
"
188,MobilenetV2/expanded_conv_11/expand/kernel/Regularizer/l2_regularizer/L2Loss/_654,0.0,0.0,0.0,0.006,0.0,0.006,0,0.0, /job:localhost/replica:0/task:0/device:cpu:0, /job:localhost/replica:0/task:0/device:cpu:0|MobilenetV2/expanded_conv_11/expand/kernel/Regularizer/l2_regularizer/L2Loss/_654,"        1|1
"
189,MobilenetV2/expanded_conv_10/expand/kernel/Regularizer/l2_regularizer/L2Loss/_662,0.0,0.0,0.0,0.006,0.0,0.006,0,0.0, /job:localhost/replica:0/task:0/device:cpu:0, /job:localhost/replica:0/task:0/device:cpu:0|MobilenetV2/expanded_conv_10/expand/kernel/Regularizer/l2_regularizer/L2Loss/_662,"        1|1
"
190,MobilenetV2/expanded_conv_11/project/kernel/Regularizer/l2_regularizer/L2Loss/_658,0.0,0.0,0.0,0.006,0.0,0.006,0,0.0, /job:localhost/replica:0/task:0/device:cpu:0, /job:localhost/replica:0/task:0/device:cpu:0|MobilenetV2/expanded_conv_11/project/kernel/Regularizer/l2_regularizer/L2Loss/_658,"        1|1
"
191,gradients/MobilenetV2/expanded_conv_11/project/Conv2D_grad/Conv2DBackpropInput-0-LayoutOptimizer,0.0,0.0,0.25,0.006,0.0,0.006,0,0.0, /job:localhost/replica:0/task:0/device:gpu:0, /job:localhost/replica:0/task:0/device:gpu:0|gradients/MobilenetV2/expanded_conv_11/project/Conv2D_grad/Conv2DBackpropInput-0-LayoutOptimizer,"        1|1
"
192,gradients/MobilenetV2/expanded_conv_12/expand/Conv2D_grad/Conv2DBackpropInput-0-LayoutOptimizer,0.0,0.0,0.25,0.006,0.0,0.006,0,0.0, /job:localhost/replica:0/task:0/device:gpu:0, /job:localhost/replica:0/task:0/device:gpu:0|gradients/MobilenetV2/expanded_conv_12/expand/Conv2D_grad/Conv2DBackpropInput-0-LayoutOptimizer,"        1|1
"
193,MobilenetV2/expanded_conv_1/project/kernel/Regularizer/l2_regularizer/L2Loss/_742,0.0,0.0,0.0,0.006,0.0,0.006,0,0.0, /job:localhost/replica:0/task:0/device:cpu:0, /job:localhost/replica:0/task:0/device:cpu:0|MobilenetV2/expanded_conv_1/project/kernel/Regularizer/l2_regularizer/L2Loss/_742,"        1|1
"
194,gradients/MobilenetV2/expanded_conv_5/project/Conv2D_grad/Conv2DBackpropInput-0-LayoutOptimizer,0.0,0.0,0.25,0.006,0.0,0.006,0,0.0, /job:localhost/replica:0/task:0/device:gpu:0, /job:localhost/replica:0/task:0/device:gpu:0|gradients/MobilenetV2/expanded_conv_5/project/Conv2D_grad/Conv2DBackpropInput-0-LayoutOptimizer,"        1|1
"
195,gradients/MobilenetV2/expanded_conv_6/expand/Conv2D_grad/Conv2DBackpropInput-0-LayoutOptimizer,0.0,0.0,0.25,0.006,0.0,0.006,0,0.0, /job:localhost/replica:0/task:0/device:gpu:0, /job:localhost/replica:0/task:0/device:gpu:0|gradients/MobilenetV2/expanded_conv_6/expand/Conv2D_grad/Conv2DBackpropInput-0-LayoutOptimizer,"        1|1
"
196,gradients/MobilenetV2/expanded_conv_13/expand/Conv2D_grad/Conv2DBackpropInput-0-LayoutOptimizer,0.0,0.0,0.25,0.006,0.0,0.006,0,0.0, /job:localhost/replica:0/task:0/device:gpu:0, /job:localhost/replica:0/task:0/device:gpu:0|gradients/MobilenetV2/expanded_conv_13/expand/Conv2D_grad/Conv2DBackpropInput-0-LayoutOptimizer,"        1|1
"
197,ConstantFolding/gradients/MobilenetV2/expanded_conv_7/project/Conv2D_grad/ShapeN-matshapes-1,0.0,0.0,0.25,0.006,0.0,0.006,0,0.0, /job:localhost/replica:0/task:0/device:gpu:0, /job:localhost/replica:0/task:0/device:gpu:0|ConstantFolding/gradients/MobilenetV2/expanded_conv_7/project/Conv2D_grad/ShapeN-matshapes-1,"        1|1
"
198,gradients/MobilenetV2/expanded_conv_1/expand/Conv2D_grad/Conv2DBackpropInput-0-LayoutOptimizer,0.0,0.0,0.25,0.006,0.0,0.006,0,0.0, /job:localhost/replica:0/task:0/device:gpu:0, /job:localhost/replica:0/task:0/device:gpu:0|gradients/MobilenetV2/expanded_conv_1/expand/Conv2D_grad/Conv2DBackpropInput-0-LayoutOptimizer,"        1|1
"
199,gradients/MobilenetV2/expanded_conv_10/project/Conv2D_grad/Conv2DBackpropInput-0-LayoutOptimizer,0.0,0.0,0.25,0.006,0.0,0.006,0,0.0, /job:localhost/replica:0/task:0/device:gpu:0, /job:localhost/replica:0/task:0/device:gpu:0|gradients/MobilenetV2/expanded_conv_10/project/Conv2D_grad/Conv2DBackpropInput-0-LayoutOptimizer,"        1|1
"
200,gradients/MobilenetV2/expanded_conv_14/depthwise/depthwise_grad/DepthwiseConv2dNativeBackpropInput-0-LayoutOptimizer,0.0,0.0,0.25,0.006,0.0,0.006,0,0.0, /job:localhost/replica:0/task:0/device:gpu:0, /job:localhost/replica:0/task:0/device:gpu:0|gradients/MobilenetV2/expanded_conv_14/depthwise/depthwise_grad/DepthwiseConv2dNativeBackpropInput-0-LayoutOptimizer,"        1|1
"
201,gradients/MobilenetV2/expanded_conv_7/depthwise/depthwise_grad/DepthwiseConv2dNativeBackpropInput-0-LayoutOptimizer,0.0,0.0,0.25,0.006,0.0,0.006,0,0.0, /job:localhost/replica:0/task:0/device:gpu:0, /job:localhost/replica:0/task:0/device:gpu:0|gradients/MobilenetV2/expanded_conv_7/depthwise/depthwise_grad/DepthwiseConv2dNativeBackpropInput-0-LayoutOptimizer,"        1|1
"
202,gradients/MobilenetV2/expanded_conv_1/project/Conv2D_grad/Conv2DBackpropInput-0-LayoutOptimizer,0.0,0.0,0.25,0.006,0.0,0.006,0,0.0, /job:localhost/replica:0/task:0/device:gpu:0, /job:localhost/replica:0/task:0/device:gpu:0|gradients/MobilenetV2/expanded_conv_1/project/Conv2D_grad/Conv2DBackpropInput-0-LayoutOptimizer,"        1|1
"
203,MobilenetV2/expanded_conv_8/project/kernel/Regularizer/l2_regularizer/L2Loss/_690,0.0,0.0,0.0,0.004999999999999999,0.0,0.004999999999999999,0,0.0, /job:localhost/replica:0/task:0/device:cpu:0, /job:localhost/replica:0/task:0/device:cpu:0|MobilenetV2/expanded_conv_8/project/kernel/Regularizer/l2_regularizer/L2Loss/_690,"        1|1
"
204,MobilenetV2/expanded_conv_9/expand/weights/read/_1248,0.0,0.0,0.0,0.004999999999999999,0.0,0.004999999999999999,0,0.0, /job:localhost/replica:0/task:0/device:cpu:0, /job:localhost/replica:0/task:0/device:cpu:0|MobilenetV2/expanded_conv_9/expand/weights/read/_1248,"        1|1
"
205,ConstantFolding/gradients/MobilenetV2/expanded_conv_12/project/Conv2D_grad/ShapeN-matshapes-1,0.0,0.0,0.25,0.004999999999999999,0.0,0.004999999999999999,0,0.0, /job:localhost/replica:0/task:0/device:gpu:0, /job:localhost/replica:0/task:0/device:gpu:0|ConstantFolding/gradients/MobilenetV2/expanded_conv_12/project/Conv2D_grad/ShapeN-matshapes-1,"        1|1
"
206,gradients/MobilenetV2/expanded_conv_1/depthwise/depthwise_grad/DepthwiseConv2dNativeBackpropInput-0-LayoutOptimizer,0.0,0.0,0.25,0.004999999999999999,0.0,0.004999999999999999,0,0.0, /job:localhost/replica:0/task:0/device:gpu:0, /job:localhost/replica:0/task:0/device:gpu:0|gradients/MobilenetV2/expanded_conv_1/depthwise/depthwise_grad/DepthwiseConv2dNativeBackpropInput-0-LayoutOptimizer,"        1|1
"
207,MobilenetV2/expanded_conv_8/expand/kernel/Regularizer/l2_regularizer/L2Loss/_686,0.0,0.0,0.0,0.004999999999999999,0.0,0.004999999999999999,0,0.0, /job:localhost/replica:0/task:0/device:cpu:0, /job:localhost/replica:0/task:0/device:cpu:0|MobilenetV2/expanded_conv_8/expand/kernel/Regularizer/l2_regularizer/L2Loss/_686,"        1|1
"
208,ConstantFolding/gradients/MobilenetV2/expanded_conv_10/expand/Conv2D_grad/ShapeN-matshapes-1,0.0,0.0,0.25,0.004999999999999999,0.0,0.004999999999999999,0,0.0, /job:localhost/replica:0/task:0/device:gpu:0, /job:localhost/replica:0/task:0/device:gpu:0|ConstantFolding/gradients/MobilenetV2/expanded_conv_10/expand/Conv2D_grad/ShapeN-matshapes-1,"        1|1
"
209,_retval_train_step/GreaterEqual_0_0,0.0,0.0,0.0,0.004999999999999999,0.0,0.004999999999999999,0,0.0, /job:localhost/replica:0/task:0/device:cpu:0, /job:localhost/replica:0/task:0/device:cpu:0|_retval_train_step/GreaterEqual_0_0,"        1|1
"
210,gradients/MobilenetV2/expanded_conv_11/depthwise/depthwise_grad/DepthwiseConv2dNativeBackpropInput-0-LayoutOptimizer,0.0,0.0,0.25,0.004999999999999999,0.0,0.004999999999999999,0,0.0, /job:localhost/replica:0/task:0/device:gpu:0, /job:localhost/replica:0/task:0/device:gpu:0|gradients/MobilenetV2/expanded_conv_11/depthwise/depthwise_grad/DepthwiseConv2dNativeBackpropInput-0-LayoutOptimizer,"        1|1
"
211,MobilenetV2/expanded_conv_9/expand/kernel/Regularizer/l2_regularizer/L2Loss/_762,0.0,0.0,0.0,0.004999999999999999,0.0,0.004999999999999999,0,0.0, /job:localhost/replica:0/task:0/device:cpu:0, /job:localhost/replica:0/task:0/device:cpu:0|MobilenetV2/expanded_conv_9/expand/kernel/Regularizer/l2_regularizer/L2Loss/_762,"        1|1
"
212,gradients/MobilenetV2/Logits/AvgPool_grad/AvgPoolGrad-0-LayoutOptimizer,0.0,0.0,0.25,0.004999999999999999,0.0,0.004999999999999999,0,0.0, /job:localhost/replica:0/task:0/device:gpu:0, /job:localhost/replica:0/task:0/device:gpu:0|gradients/MobilenetV2/Logits/AvgPool_grad/AvgPoolGrad-0-LayoutOptimizer,"        1|1
"
213,MobilenetV2/expanded_conv_9/project/kernel/Regularizer/l2_regularizer/L2Loss/_766,0.0,0.0,0.0,0.004999999999999999,0.0,0.004999999999999999,0,0.0, /job:localhost/replica:0/task:0/device:cpu:0, /job:localhost/replica:0/task:0/device:cpu:0|MobilenetV2/expanded_conv_9/project/kernel/Regularizer/l2_regularizer/L2Loss/_766,"        1|1
"
214,_retval_global_step_0_0,0.0,0.0,0.0,0.004999999999999999,0.0,0.004999999999999999,0,0.0, /job:localhost/replica:0/task:0/device:cpu:0, /job:localhost/replica:0/task:0/device:cpu:0|_retval_global_step_0_0,"        1|1
"
215,ConcatV2,0.0,0.0,0.25,0.004999999999999999,0.0,0.004999999999999999,0,0.0, |/job:localhost/replica:0/task:0/device:gpu:0, /job:localhost/replica:0/task:0/device:gpu:0|ConcatV2,"        1|3
"
216,ConstantFolding/gradients/MobilenetV2/expanded_conv_10/project/Conv2D_grad/ShapeN-matshapes-1,0.0,0.0,0.25,0.004999999999999999,0.0,0.004999999999999999,0,0.0, /job:localhost/replica:0/task:0/device:gpu:0, /job:localhost/replica:0/task:0/device:gpu:0|ConstantFolding/gradients/MobilenetV2/expanded_conv_10/project/Conv2D_grad/ShapeN-matshapes-1,"        1|1
"
217,ConstantFolding/gradients/MobilenetV2/expanded_conv_12/expand/Conv2D_grad/ShapeN-matshapes-1,0.0,0.0,0.25,0.004999999999999999,0.0,0.004999999999999999,0,0.0, /job:localhost/replica:0/task:0/device:gpu:0, /job:localhost/replica:0/task:0/device:gpu:0|ConstantFolding/gradients/MobilenetV2/expanded_conv_12/expand/Conv2D_grad/ShapeN-matshapes-1,"        1|1
"
218,ConstantFolding/gradients/MobilenetV2/Conv_1/Conv2D_grad/ShapeN-matshapes-1,0.0,0.0,0.25,0.004999999999999999,0.0,0.004999999999999999,0,0.0, /job:localhost/replica:0/task:0/device:gpu:0, /job:localhost/replica:0/task:0/device:gpu:0|ConstantFolding/gradients/MobilenetV2/Conv_1/Conv2D_grad/ShapeN-matshapes-1,"        1|1
"
219,gradients/MobilenetV2/Logits/Dropout/dropout_1/div_grad/Sum-1-LayoutOptimizer,0.0,0.0,0.25,0.004999999999999999,0.0,0.004999999999999999,0,0.0, /job:localhost/replica:0/task:0/device:gpu:0, /job:localhost/replica:0/task:0/device:gpu:0|gradients/MobilenetV2/Logits/Dropout/dropout_1/div_grad/Sum-1-LayoutOptimizer,"        1|1
"
220,ConstantFolding/gradients/MobilenetV2/expanded_conv_11/expand/Conv2D_grad/ShapeN-matshapes-1,0.0,0.0,0.25,0.004999999999999999,0.0,0.004999999999999999,0,0.0, /job:localhost/replica:0/task:0/device:gpu:0, /job:localhost/replica:0/task:0/device:gpu:0|ConstantFolding/gradients/MobilenetV2/expanded_conv_11/expand/Conv2D_grad/ShapeN-matshapes-1,"        1|1
"
221,ConstantFolding/gradients/MobilenetV2/expanded_conv_11/project/Conv2D_grad/ShapeN-matshapes-1,0.0,0.0,0.25,0.004999999999999999,0.0,0.004999999999999999,0,0.0, /job:localhost/replica:0/task:0/device:gpu:0, /job:localhost/replica:0/task:0/device:gpu:0|ConstantFolding/gradients/MobilenetV2/expanded_conv_11/project/Conv2D_grad/ShapeN-matshapes-1,"        1|1
"
222,gradients/MobilenetV2/expanded_conv_5/expand/Conv2D_grad/Conv2DBackpropInput-0-LayoutOptimizer,0.0,0.0,0.25,0.004999999999999999,0.0,0.004999999999999999,0,0.0, /job:localhost/replica:0/task:0/device:gpu:0, /job:localhost/replica:0/task:0/device:gpu:0|gradients/MobilenetV2/expanded_conv_5/expand/Conv2D_grad/Conv2DBackpropInput-0-LayoutOptimizer,"        1|1
"
223,MobilenetV2/expanded_conv_1/expand/kernel/Regularizer/l2_regularizer/L2Loss/_738,0.0,0.0,0.0,0.004999999999999999,0.0,0.004999999999999999,0,0.0, /job:localhost/replica:0/task:0/device:cpu:0, /job:localhost/replica:0/task:0/device:cpu:0|MobilenetV2/expanded_conv_1/expand/kernel/Regularizer/l2_regularizer/L2Loss/_738,"        1|1
"
224,MobilenetV2/expanded_conv/project/kernel/Regularizer/l2_regularizer/L2Loss/_734,0.0,0.0,0.0,0.004999999999999999,0.0,0.004999999999999999,0,0.0, /job:localhost/replica:0/task:0/device:cpu:0, /job:localhost/replica:0/task:0/device:cpu:0|MobilenetV2/expanded_conv/project/kernel/Regularizer/l2_regularizer/L2Loss/_734,"        1|1
"
225,MobilenetV2/expanded_conv_15/expand/weights/read/_1524,0.0,0.0,0.0,0.004999999999999999,0.0,0.004999999999999999,0,0.0, /job:localhost/replica:0/task:0/device:cpu:0, /job:localhost/replica:0/task:0/device:cpu:0|MobilenetV2/expanded_conv_15/expand/weights/read/_1524,"        1|1
"
226,MobilenetV2/Logits/Conv2d_1c_1x1/kernel/Regularizer/l2_regularizer/L2Loss/_622,0.0,0.0,0.0,0.004999999999999999,0.0,0.004999999999999999,0,0.0, /job:localhost/replica:0/task:0/device:cpu:0, /job:localhost/replica:0/task:0/device:cpu:0|MobilenetV2/Logits/Conv2d_1c_1x1/kernel/Regularizer/l2_regularizer/L2Loss/_622,"        1|1
"
227,ConstantFolding/gradients/MobilenetV2/expanded_conv_16/project/Conv2D_grad/ShapeN-matshapes-1,0.0,0.0,0.25,0.004999999999999999,0.0,0.004999999999999999,0,0.0, /job:localhost/replica:0/task:0/device:gpu:0, /job:localhost/replica:0/task:0/device:gpu:0|ConstantFolding/gradients/MobilenetV2/expanded_conv_16/project/Conv2D_grad/ShapeN-matshapes-1,"        1|1
"
228,ConstantFolding/gradients/MobilenetV2/expanded_conv_16/expand/Conv2D_grad/ShapeN-matshapes-1,0.0,0.0,0.25,0.004999999999999999,0.0,0.004999999999999999,0,0.0, /job:localhost/replica:0/task:0/device:gpu:0, /job:localhost/replica:0/task:0/device:gpu:0|ConstantFolding/gradients/MobilenetV2/expanded_conv_16/expand/Conv2D_grad/ShapeN-matshapes-1,"        1|1
"
229,ConstantFolding/gradients/MobilenetV2/expanded_conv_15/project/Conv2D_grad/ShapeN-matshapes-1,0.0,0.0,0.25,0.004999999999999999,0.0,0.004999999999999999,0,0.0, /job:localhost/replica:0/task:0/device:gpu:0, /job:localhost/replica:0/task:0/device:gpu:0|ConstantFolding/gradients/MobilenetV2/expanded_conv_15/project/Conv2D_grad/ShapeN-matshapes-1,"        1|1
"
230,MobilenetV2/Conv/kernel/Regularizer/l2_regularizer/L2Loss/_730,0.0,0.0,0.0,0.004999999999999999,0.0,0.004999999999999999,0,0.0, /job:localhost/replica:0/task:0/device:cpu:0, /job:localhost/replica:0/task:0/device:cpu:0|MobilenetV2/Conv/kernel/Regularizer/l2_regularizer/L2Loss/_730,"        1|1
"
231,gradients/MobilenetV2/expanded_conv_4/depthwise/depthwise_grad/DepthwiseConv2dNativeBackpropInput-0-LayoutOptimizer,0.0,0.0,0.25,0.004999999999999999,0.0,0.004999999999999999,0,0.0, /job:localhost/replica:0/task:0/device:gpu:0, /job:localhost/replica:0/task:0/device:gpu:0|gradients/MobilenetV2/expanded_conv_4/depthwise/depthwise_grad/DepthwiseConv2dNativeBackpropInput-0-LayoutOptimizer,"        1|1
"
232,ConstantFolding/gradients/MobilenetV2/expanded_conv_15/expand/Conv2D_grad/ShapeN-matshapes-1,0.0,0.0,0.25,0.004999999999999999,0.0,0.004999999999999999,0,0.0, /job:localhost/replica:0/task:0/device:gpu:0, /job:localhost/replica:0/task:0/device:gpu:0|ConstantFolding/gradients/MobilenetV2/expanded_conv_15/expand/Conv2D_grad/ShapeN-matshapes-1,"        1|1
"
233,gradients/MobilenetV2/expanded_conv_4/expand/Conv2D_grad/Conv2DBackpropInput-0-LayoutOptimizer,0.0,0.0,0.25,0.004999999999999999,0.0,0.004999999999999999,0,0.0, /job:localhost/replica:0/task:0/device:gpu:0, /job:localhost/replica:0/task:0/device:gpu:0|gradients/MobilenetV2/expanded_conv_4/expand/Conv2D_grad/Conv2DBackpropInput-0-LayoutOptimizer,"        1|1
"
234,MobilenetV2/expanded_conv_2/project/weights/read/_956,0.0,0.0,0.0,0.004999999999999999,0.0,0.004999999999999999,0,0.0, /job:localhost/replica:0/task:0/device:cpu:0, /job:localhost/replica:0/task:0/device:cpu:0|MobilenetV2/expanded_conv_2/project/weights/read/_956,"        1|1
"
235,ConstantFolding/gradients/MobilenetV2/expanded_conv_14/project/Conv2D_grad/ShapeN-matshapes-1,0.0,0.0,0.25,0.004999999999999999,0.0,0.004999999999999999,0,0.0, /job:localhost/replica:0/task:0/device:gpu:0, /job:localhost/replica:0/task:0/device:gpu:0|ConstantFolding/gradients/MobilenetV2/expanded_conv_14/project/Conv2D_grad/ShapeN-matshapes-1,"        1|1
"
236,gradients/MobilenetV2/expanded_conv_4/project/Conv2D_grad/Conv2DBackpropInput-0-LayoutOptimizer,0.0,0.0,0.25,0.004999999999999999,0.0,0.004999999999999999,0,0.0, /job:localhost/replica:0/task:0/device:gpu:0, /job:localhost/replica:0/task:0/device:gpu:0|gradients/MobilenetV2/expanded_conv_4/project/Conv2D_grad/Conv2DBackpropInput-0-LayoutOptimizer,"        1|1
"
237,gradients/MobilenetV2/expanded_conv_6/project/Conv2D_grad/Conv2DBackpropInput-0-LayoutOptimizer,0.0,0.0,0.25,0.004999999999999999,0.0,0.004999999999999999,0,0.0, /job:localhost/replica:0/task:0/device:gpu:0, /job:localhost/replica:0/task:0/device:gpu:0|gradients/MobilenetV2/expanded_conv_6/project/Conv2D_grad/Conv2DBackpropInput-0-LayoutOptimizer,"        1|1
"
238,gradients/MobilenetV2/expanded_conv_7/expand/Conv2D_grad/Conv2DBackpropInput-0-LayoutOptimizer,0.0,0.0,0.25,0.004999999999999999,0.0,0.004999999999999999,0,0.0, /job:localhost/replica:0/task:0/device:gpu:0, /job:localhost/replica:0/task:0/device:gpu:0|gradients/MobilenetV2/expanded_conv_7/expand/Conv2D_grad/Conv2DBackpropInput-0-LayoutOptimizer,"        1|1
"
239,gradients/MobilenetV2/expanded_conv_9/expand/Conv2D_grad/Conv2DBackpropInput-0-LayoutOptimizer,0.0,0.0,0.25,0.004999999999999999,0.0,0.004999999999999999,0,0.0, /job:localhost/replica:0/task:0/device:gpu:0, /job:localhost/replica:0/task:0/device:gpu:0|gradients/MobilenetV2/expanded_conv_9/expand/Conv2D_grad/Conv2DBackpropInput-0-LayoutOptimizer,"        1|1
"
240,gradients/MobilenetV2/expanded_conv_8/project/Conv2D_grad/Conv2DBackpropInput-0-LayoutOptimizer,0.0,0.0,0.25,0.004999999999999999,0.0,0.004999999999999999,0,0.0, /job:localhost/replica:0/task:0/device:gpu:0, /job:localhost/replica:0/task:0/device:gpu:0|gradients/MobilenetV2/expanded_conv_8/project/Conv2D_grad/Conv2DBackpropInput-0-LayoutOptimizer,"        1|1
"
241,MobilenetV2/expanded_conv_6/project/kernel/Regularizer/l2_regularizer/L2Loss/_758,0.0,0.0,0.0,0.004999999999999999,0.0,0.004999999999999999,0,0.0, /job:localhost/replica:0/task:0/device:cpu:0, /job:localhost/replica:0/task:0/device:cpu:0|MobilenetV2/expanded_conv_6/project/kernel/Regularizer/l2_regularizer/L2Loss/_758,"        1|1
"
242,gradients/MobilenetV2/expanded_conv_8/expand/Conv2D_grad/Conv2DBackpropInput-0-LayoutOptimizer,0.0,0.0,0.25,0.004999999999999999,0.0,0.004999999999999999,0,0.0, /job:localhost/replica:0/task:0/device:gpu:0, /job:localhost/replica:0/task:0/device:gpu:0|gradients/MobilenetV2/expanded_conv_8/expand/Conv2D_grad/Conv2DBackpropInput-0-LayoutOptimizer,"        1|1
"
243,MobilenetV2/expanded_conv_6/expand/kernel/Regularizer/l2_regularizer/L2Loss/_754,0.0,0.0,0.0,0.004999999999999999,0.0,0.004999999999999999,0,0.0, /job:localhost/replica:0/task:0/device:cpu:0, /job:localhost/replica:0/task:0/device:cpu:0|MobilenetV2/expanded_conv_6/expand/kernel/Regularizer/l2_regularizer/L2Loss/_754,"        1|1
"
244,ConstantFolding/gradients/MobilenetV2/expanded_conv_13/expand/Conv2D_grad/ShapeN-matshapes-1,0.0,0.0,0.25,0.004999999999999999,0.0,0.004999999999999999,0,0.0, /job:localhost/replica:0/task:0/device:gpu:0, /job:localhost/replica:0/task:0/device:gpu:0|ConstantFolding/gradients/MobilenetV2/expanded_conv_13/expand/Conv2D_grad/ShapeN-matshapes-1,"        1|1
"
245,MobilenetV2/expanded_conv_5/project/weights/read/_1094,0.0,0.0,0.0,0.004999999999999999,0.0,0.004999999999999999,0,0.0, /job:localhost/replica:0/task:0/device:cpu:0, /job:localhost/replica:0/task:0/device:cpu:0|MobilenetV2/expanded_conv_5/project/weights/read/_1094,"        1|1
"
246,ConstantFolding/gradients/MobilenetV2/expanded_conv_13/project/Conv2D_grad/ShapeN-matshapes-1,0.0,0.0,0.25,0.004999999999999999,0.0,0.004999999999999999,0,0.0, /job:localhost/replica:0/task:0/device:gpu:0, /job:localhost/replica:0/task:0/device:gpu:0|ConstantFolding/gradients/MobilenetV2/expanded_conv_13/project/Conv2D_grad/ShapeN-matshapes-1,"        1|1
"
247,ConstantFolding/gradients/MobilenetV2/expanded_conv_9/project/Conv2D_grad/ShapeN-matshapes-1,0.0,0.0,0.25,0.004999999999999999,0.0,0.004999999999999999,0,0.0, /job:localhost/replica:0/task:0/device:gpu:0, /job:localhost/replica:0/task:0/device:gpu:0|ConstantFolding/gradients/MobilenetV2/expanded_conv_9/project/Conv2D_grad/ShapeN-matshapes-1,"        1|1
"
248,MobilenetV2/expanded_conv_5/expand/kernel/Regularizer/l2_regularizer/L2Loss/_702,0.0,0.0,0.0,0.004999999999999999,0.0,0.004999999999999999,0,0.0, /job:localhost/replica:0/task:0/device:cpu:0, /job:localhost/replica:0/task:0/device:cpu:0|MobilenetV2/expanded_conv_5/expand/kernel/Regularizer/l2_regularizer/L2Loss/_702,"        1|1
"
249,gradients/MobilenetV2/expanded_conv_7/project/Conv2D_grad/Conv2DBackpropInput-0-LayoutOptimizer,0.0,0.0,0.25,0.004999999999999999,0.0,0.004999999999999999,0,0.0, /job:localhost/replica:0/task:0/device:gpu:0, /job:localhost/replica:0/task:0/device:gpu:0|gradients/MobilenetV2/expanded_conv_7/project/Conv2D_grad/Conv2DBackpropInput-0-LayoutOptimizer,"        1|1
"
250,ConstantFolding/gradients/MobilenetV2/expanded_conv_14/expand/Conv2D_grad/ShapeN-matshapes-1,0.0,0.0,0.25,0.004999999999999999,0.0,0.004999999999999999,0,0.0, /job:localhost/replica:0/task:0/device:gpu:0, /job:localhost/replica:0/task:0/device:gpu:0|ConstantFolding/gradients/MobilenetV2/expanded_conv_14/expand/Conv2D_grad/ShapeN-matshapes-1,"        1|1
"
251,MobilenetV2/expanded_conv_4/expand/weights/read/_1014,0.0,0.0,0.0,0.004999999999999999,0.0,0.004999999999999999,0,0.0, /job:localhost/replica:0/task:0/device:cpu:0, /job:localhost/replica:0/task:0/device:cpu:0|MobilenetV2/expanded_conv_4/expand/weights/read/_1014,"        1|1
"
252,MobilenetV2/expanded_conv_4/expand/kernel/Regularizer/l2_regularizer/L2Loss/_710,0.0,0.0,0.0,0.004999999999999999,0.0,0.004999999999999999,0,0.0, /job:localhost/replica:0/task:0/device:cpu:0, /job:localhost/replica:0/task:0/device:cpu:0|MobilenetV2/expanded_conv_4/expand/kernel/Regularizer/l2_regularizer/L2Loss/_710,"        1|1
"
253,MobilenetV2/expanded_conv_10/expand/weights/read/_1294,0.0,0.0,0.0,0.004,0.0,0.004,0,0.0, /job:localhost/replica:0/task:0/device:cpu:0, /job:localhost/replica:0/task:0/device:cpu:0|MobilenetV2/expanded_conv_10/expand/weights/read/_1294,"        1|1
"
254,MobilenetV2/expanded_conv_1/project/weights/read/_910,0.0,0.0,0.0,0.004,0.0,0.004,0,0.0, /job:localhost/replica:0/task:0/device:cpu:0, /job:localhost/replica:0/task:0/device:cpu:0|MobilenetV2/expanded_conv_1/project/weights/read/_910,"        1|1
"
255,MobilenetV2/expanded_conv_10/project/weights/read/_1324,0.0,0.0,0.0,0.004,0.0,0.004,0,0.0, /job:localhost/replica:0/task:0/device:cpu:0, /job:localhost/replica:0/task:0/device:cpu:0|MobilenetV2/expanded_conv_10/project/weights/read/_1324,"        1|1
"
256,MobilenetV2/expanded_conv_1/expand/weights/read/_876,0.0,0.0,0.0,0.004,0.0,0.004,0,0.0, /job:localhost/replica:0/task:0/device:cpu:0, /job:localhost/replica:0/task:0/device:cpu:0|MobilenetV2/expanded_conv_1/expand/weights/read/_876,"        1|1
"
257,MobilenetV2/expanded_conv_7/expand/weights/read/_1152,0.0,0.0,0.0,0.004,0.0,0.004,0,0.0, /job:localhost/replica:0/task:0/device:cpu:0, /job:localhost/replica:0/task:0/device:cpu:0|MobilenetV2/expanded_conv_7/expand/weights/read/_1152,"        1|1
"
258,MobilenetV2/expanded_conv/project/weights/read/_864,0.0,0.0,0.0,0.004,0.0,0.004,0,0.0, /job:localhost/replica:0/task:0/device:cpu:0, /job:localhost/replica:0/task:0/device:cpu:0|MobilenetV2/expanded_conv/project/weights/read/_864,"        1|1
"
259,MobilenetV2/Conv_1/weights/read/_1612,0.0,0.0,0.0,0.004,0.0,0.004,0,0.0, /job:localhost/replica:0/task:0/device:cpu:0, /job:localhost/replica:0/task:0/device:cpu:0|MobilenetV2/Conv_1/weights/read/_1612,"        1|1
"
260,MobilenetV2/Conv/weights/read/_726,0.0,0.0,0.0,0.004,0.0,0.004,0,0.0, /job:localhost/replica:0/task:0/device:cpu:0, /job:localhost/replica:0/task:0/device:cpu:0|MobilenetV2/Conv/weights/read/_726,"        1|1
"
261,group_deps/_2026,0.0,0.0,0.0,0.004,0.0,0.004,0,0.0, /job:localhost/replica:0/task:0/device:cpu:0, /job:localhost/replica:0/task:0/device:cpu:0|group_deps/_2026,"        1|1
"
262,MobilenetV2/expanded_conv_7/project/weights/read/_1186,0.0,0.0,0.0,0.004,0.0,0.004,0,0.0, /job:localhost/replica:0/task:0/device:cpu:0, /job:localhost/replica:0/task:0/device:cpu:0|MobilenetV2/expanded_conv_7/project/weights/read/_1186,"        1|1
"
263,MobilenetV2/expanded_conv_6/project/weights/read/_1140,0.0,0.0,0.0,0.004,0.0,0.004,0,0.0, /job:localhost/replica:0/task:0/device:cpu:0, /job:localhost/replica:0/task:0/device:cpu:0|MobilenetV2/expanded_conv_6/project/weights/read/_1140,"        1|1
"
264,MobilenetV2/expanded_conv_8/expand/weights/read/_1202,0.0,0.0,0.0,0.004,0.0,0.004,0,0.0, /job:localhost/replica:0/task:0/device:cpu:0, /job:localhost/replica:0/task:0/device:cpu:0|MobilenetV2/expanded_conv_8/expand/weights/read/_1202,"        1|1
"
265,MobilenetV2/expanded_conv_6/expand/weights/read/_1110,0.0,0.0,0.0,0.004,0.0,0.004,0,0.0, /job:localhost/replica:0/task:0/device:cpu:0, /job:localhost/replica:0/task:0/device:cpu:0|MobilenetV2/expanded_conv_6/expand/weights/read/_1110,"        1|1
"
266,MobilenetV2/expanded_conv_5/expand/weights/read/_1064,0.0,0.0,0.0,0.004,0.0,0.004,0,0.0, /job:localhost/replica:0/task:0/device:cpu:0, /job:localhost/replica:0/task:0/device:cpu:0|MobilenetV2/expanded_conv_5/expand/weights/read/_1064,"        1|1
"
267,MobilenetV2/expanded_conv_4/project/weights/read/_1048,0.0,0.0,0.0,0.004,0.0,0.004,0,0.0, /job:localhost/replica:0/task:0/device:cpu:0, /job:localhost/replica:0/task:0/device:cpu:0|MobilenetV2/expanded_conv_4/project/weights/read/_1048,"        1|1
"
268,MobilenetV2/expanded_conv_9/project/weights/read/_1278,0.0,0.0,0.0,0.004,0.0,0.004,0,0.0, /job:localhost/replica:0/task:0/device:cpu:0, /job:localhost/replica:0/task:0/device:cpu:0|MobilenetV2/expanded_conv_9/project/weights/read/_1278,"        1|1
"
269,MobilenetV2/expanded_conv_3/project/weights/read/_1002,0.0,0.0,0.0,0.004,0.0,0.004,0,0.0, /job:localhost/replica:0/task:0/device:cpu:0, /job:localhost/replica:0/task:0/device:cpu:0|MobilenetV2/expanded_conv_3/project/weights/read/_1002,"        1|1
"
270,MobilenetV2/expanded_conv_3/expand/weights/read/_972,0.0,0.0,0.0,0.004,0.0,0.004,0,0.0, /job:localhost/replica:0/task:0/device:cpu:0, /job:localhost/replica:0/task:0/device:cpu:0|MobilenetV2/expanded_conv_3/expand/weights/read/_972,"        1|1
"
271,MobilenetV2/expanded_conv_11/expand/weights/read/_1336,0.0,0.0,0.0,0.004,0.0,0.004,0,0.0, /job:localhost/replica:0/task:0/device:cpu:0, /job:localhost/replica:0/task:0/device:cpu:0|MobilenetV2/expanded_conv_11/expand/weights/read/_1336,"        1|1
"
272,MobilenetV2/expanded_conv_2/expand/weights/read/_922,0.0,0.0,0.0,0.004,0.0,0.004,0,0.0, /job:localhost/replica:0/task:0/device:cpu:0, /job:localhost/replica:0/task:0/device:cpu:0|MobilenetV2/expanded_conv_2/expand/weights/read/_922,"        1|1
"
273,PermConstNCHWToNHWC-LayoutOptimizer,0.0,0.0,0.25,0.004,0.0,0.004,0,0.0, /job:localhost/replica:0/task:0/device:gpu:0, /job:localhost/replica:0/task:0/device:gpu:0|PermConstNCHWToNHWC-LayoutOptimizer,"        1|1
"
274,PermConstNHWCToNCHW-LayoutOptimizer,0.0,0.0,0.25,0.004,0.0,0.004,0,0.0, /job:localhost/replica:0/task:0/device:gpu:0, /job:localhost/replica:0/task:0/device:gpu:0|PermConstNHWCToNCHW-LayoutOptimizer,"        1|1
"
275,MobilenetV2/expanded_conv_16/project/weights/read/_1600,0.0,0.0,0.0,0.004,0.0,0.004,0,0.0, /job:localhost/replica:0/task:0/device:cpu:0, /job:localhost/replica:0/task:0/device:cpu:0|MobilenetV2/expanded_conv_16/project/weights/read/_1600,"        1|1
"
276,MobilenetV2/expanded_conv_16/expand/weights/read/_1570,0.0,0.0,0.0,0.004,0.0,0.004,0,0.0, /job:localhost/replica:0/task:0/device:cpu:0, /job:localhost/replica:0/task:0/device:cpu:0|MobilenetV2/expanded_conv_16/expand/weights/read/_1570,"        1|1
"
277,MobilenetV2/expanded_conv_15/project/weights/read/_1554,0.0,0.0,0.0,0.004,0.0,0.004,0,0.0, /job:localhost/replica:0/task:0/device:cpu:0, /job:localhost/replica:0/task:0/device:cpu:0|MobilenetV2/expanded_conv_15/project/weights/read/_1554,"        1|1
"
278,MobilenetV2/expanded_conv_14/project/weights/read/_1508,0.0,0.0,0.0,0.004,0.0,0.004,0,0.0, /job:localhost/replica:0/task:0/device:cpu:0, /job:localhost/replica:0/task:0/device:cpu:0|MobilenetV2/expanded_conv_14/project/weights/read/_1508,"        1|1
"
279,MobilenetV2/expanded_conv_14/expand/weights/read/_1474,0.0,0.0,0.0,0.004,0.0,0.004,0,0.0, /job:localhost/replica:0/task:0/device:cpu:0, /job:localhost/replica:0/task:0/device:cpu:0|MobilenetV2/expanded_conv_14/expand/weights/read/_1474,"        1|1
"
280,MobilenetV2/expanded_conv_13/project/weights/read/_1462,0.0,0.0,0.0,0.004,0.0,0.004,0,0.0, /job:localhost/replica:0/task:0/device:cpu:0, /job:localhost/replica:0/task:0/device:cpu:0|MobilenetV2/expanded_conv_13/project/weights/read/_1462,"        1|1
"
281,MobilenetV2/expanded_conv_13/expand/weights/read/_1432,0.0,0.0,0.0,0.004,0.0,0.004,0,0.0, /job:localhost/replica:0/task:0/device:cpu:0, /job:localhost/replica:0/task:0/device:cpu:0|MobilenetV2/expanded_conv_13/expand/weights/read/_1432,"        1|1
"
282,MobilenetV2/expanded_conv_12/expand/weights/read/_1386,0.0,0.0,0.0,0.004,0.0,0.004,0,0.0, /job:localhost/replica:0/task:0/device:cpu:0, /job:localhost/replica:0/task:0/device:cpu:0|MobilenetV2/expanded_conv_12/expand/weights/read/_1386,"        1|1
"
283,MobilenetV2/expanded_conv_11/project/weights/read/_1370,0.0,0.0,0.0,0.004,0.0,0.004,0,0.0, /job:localhost/replica:0/task:0/device:cpu:0, /job:localhost/replica:0/task:0/device:cpu:0|MobilenetV2/expanded_conv_11/project/weights/read/_1370,"        1|1
"
284,ConstantFolding/exponential_decay_learning_rate/truediv_recip,0.00390625,0.00390625,0.00390625,0.003,0.0,0.003,0,0.0, /job:localhost/replica:0/task:0/device:cpu:0, /job:localhost/replica:0/task:0/device:cpu:0|ConstantFolding/exponential_decay_learning_rate/truediv_recip,"        1|1
"
