['FusedBatchNormGrad', '80.77MB', '      80.77MB ', '      80.77MB ', '      4.20sec ', '             0us ', '      4.20sec ', '      0 params ', '   0 float_ops ', ' /job:localhost/replica:0/task:0/device:cpu:0', ' /job:localhost/replica:0/task:0/device:cpu:0|FusedBatchNormGrad', '      27|27\n']
80.77MB
      80.77MB 
      80.77MB 
      4.20sec 
             0us 
      4.20sec 
0
['Conv2DBackpropInput', '52.10MB', '        30.92MB ', '        30.92MB ', '       1.29sec ', '             0us ', '       1.29sec ', '      0 params ', ' 4.40b float_ops ', ' |/job:localhost/replica:0/task:0/device:cpu:0', ' /job:localhost/replica:0/task:0/device:cpu:0|Conv2DBackpropInput', '      14|15\n']
52.10MB
        30.92MB 
        30.92MB 
       1.29sec 
             0us 
       1.29sec 
4.40b
4.40b
['Conv2DBackpropFilter', '255.25MB', '        12.60MB ', '        12.60MB ', '       1.29sec ', '             0us ', '       1.29sec ', '      0 params ', ' 4.40b float_ops ', ' /job:localhost/replica:0/task:0/device:cpu:0', ' /job:localhost/replica:0/task:0/device:cpu:0|Conv2DBackpropFilter', '      15|15\n']
255.25MB
        12.60MB 
        12.60MB 
       1.29sec 
             0us 
       1.29sec 
4.40b
4.40b
['FusedBatchNorm', '80.86MB', '       80.86MB ', '       80.86MB ', '       703.96ms ', '             0us ', '       703.96ms ', '      0 params ', '    0 float_ops ', ' /job:localhost/replica:0/task:0/device:cpu:0', ' /job:localhost/replica:0/task:0/device:cpu:0|FusedBatchNorm', '      27|27\n']
80.86MB
       80.86MB 
       80.86MB 
       703.96ms 
             0us 
       703.96ms 
0
['Conv2D', '49.77MB', '       49.77MB ', '        49.77MB ', '       698.64ms ', '             0us ', '       698.64ms ', '      0 params ', ' 4.40b float_ops ', ' /job:localhost/replica:0/task:0/device:cpu:0', ' /job:localhost/replica:0/task:0/device:cpu:0|Conv2D', '      15|15\n']
49.77MB
       49.77MB 
        49.77MB 
       698.64ms 
             0us 
       698.64ms 
4.40b
4.40b
['DepthwiseConv2dNativeBackpropFilter', '2.56MB', '       178.56KB ', '       178.56KB ', '       429.26ms ', '             0us ', '       429.26ms ', '      0 params ', '     0 float_ops ', ' /job:localhost/replica:0/task:0/device:cpu:0', ' /job:localhost/replica:0/task:0/device:cpu:0|DepthwiseConv2dNativeBackpropFilter', '      13|13\n']
2.56MB
       178.56KB 
       178.56KB 
       429.26ms 
             0us 
       429.26ms 
0
['DepthwiseConv2dNativeBackpropInput', '50.08MB', '       48.97MB ', '        48.97MB ', '       425.43ms ', '             0us ', '       425.43ms ', '      0 params ', '     0 float_ops ', ' /job:localhost/replica:0/task:0/device:cpu:0', ' /job:localhost/replica:0/task:0/device:cpu:0|DepthwiseConv2dNativeBackpropInput', '      13|13\n']
50.08MB
       48.97MB 
        48.97MB 
       425.43ms 
             0us 
       425.43ms 
0
['DepthwiseConv2dNative', '33.51MB', '        30.91MB ', '        30.91MB ', '        204.45ms ', '             0us ', '        204.45ms ', '      0 params ', ' 139.09m float_ops ', ' /job:localhost/replica:0/task:0/device:cpu:0', ' /job:localhost/replica:0/task:0/device:cpu:0|DepthwiseConv2dNative', '      13|13\n']
33.51MB
        30.91MB 
        30.91MB 
        204.45ms 
             0us 
        204.45ms 
139.09m
139.09m
['ApplyRMSProp', '0B', '              0B ', '        12.87MB ', '        201.43ms ', '             0us ', '        201.43ms ', '      0 params ', '     0 float_ops ', ' /job:localhost/replica:0/task:0/device:cpu:0', ' /job:localhost/replica:0/task:0/device:cpu:0|ApplyRMSProp', '      83|83\n']
0B
              0B 
        12.87MB 
        201.43ms 
             0us 
        201.43ms 
0
['Relu6Grad', '0B', '              0B ', '       80.68MB ', '        155.44ms ', '             0us ', '        155.44ms ', '      0 params ', '     0 float_ops ', ' /job:localhost/replica:0/task:0/device:cpu:0', ' /job:localhost/replica:0/task:0/device:cpu:0|Relu6Grad', '      27|27\n']
0B
              0B 
       80.68MB 
        155.44ms 
             0us 
        155.44ms 
0
['Mul', '12.60MB', '        12.60MB ', '        12.74MB ', '         98.46ms ', '             0us ', '         98.46ms ', '      0 params ', ' 6.54m float_ops ', ' |/job:localhost/replica:0/task:0/device:cpu:0', ' /job:localhost/replica:0/task:0/device:cpu:0|Mul', '     90|164\n']
12.60MB
        12.60MB 
        12.74MB 
         98.46ms 
             0us 
         98.46ms 
6.54m
6.54m
['Relu6', '0B', '              0B ', '       80.68MB ', '         81.06ms ', '             0us ', '         81.06ms ', '      0 params ', '     0 float_ops ', ' /job:localhost/replica:0/task:0/device:cpu:0', ' /job:localhost/replica:0/task:0/device:cpu:0|Relu6', '      27|27\n']
0B
              0B 
       80.68MB 
         81.06ms 
             0us 
         81.06ms 
0
['L2Loss', '60B', '            60B ', '            60B ', '         58.53ms ', '             0us ', '         58.53ms ', '      0 params ', ' 9.45m float_ops ', ' /job:localhost/replica:0/task:0/device:cpu:0', ' /job:localhost/replica:0/task:0/device:cpu:0|L2Loss', '      15|15\n']
60B
            60B 
            60B 
         58.53ms 
             0us 
         58.53ms 
9.45m
9.45m
['AddN', '0B', '              0B ', '        12.60MB ', '         34.73ms ', '             0us ', '         34.73ms ', '      0 params ', ' 3.15m float_ops ', ' |/job:localhost/replica:0/task:0/device:cpu:0', ' /job:localhost/replica:0/task:0/device:cpu:0|AddN', '      15|17\n']
0B
              0B 
        12.60MB 
         34.73ms 
             0us 
         34.73ms 
3.15m
3.15m
['VariableV2', '38.69MB', '        38.69MB ', '         38.69MB ', '         10.47ms ', '             0us ', '         10.47ms ', ' 9.67m params ', '     0 float_ops ', ' /job:localhost/replica:0/task:0/device:cpu:0', ' /job:localhost/replica:0/task:0/device:cpu:0|VariableV2|_trainable_variables', '    304|304\n']
38.69MB
        38.69MB 
         38.69MB 
         10.47ms 
             0us 
         10.47ms 
0
['AssignSub', '0B', '              0B ', '         87.55KB ', '          4.73ms ', '             0us ', '          4.73ms ', '        0 params ', ' 21.89k float_ops ', ' /job:localhost/replica:0/task:0/device:cpu:0', ' /job:localhost/replica:0/task:0/device:cpu:0|AssignSub', '      54|54\n']
0B
              0B 
         87.55KB 
          4.73ms 
             0us 
          4.73ms 
21.89k
21.89k
['Sub', '4B', '              4B ', '         87.56KB ', '          2.92ms ', '             0us ', '          2.92ms ', '        0 params ', ' 172.48k float_ops ', ' |/job:localhost/replica:0/task:0/device:cpu:0', ' /job:localhost/replica:0/task:0/device:cpu:0|Sub', '     55|117\n']
4B
              4B 
         87.56KB 
          2.92ms 
             0us 
          2.92ms 
172.48k
172.48k
['AvgPoolGrad', '802.82KB', '        802.82KB ', '        802.82KB ', '          1.97ms ', '             0us ', '          1.97ms ', '        0 params ', ' 401.41k float_ops ', ' /job:localhost/replica:0/task:0/device:cpu:0', ' /job:localhost/replica:0/task:0/device:cpu:0|AvgPoolGrad', '        1|1\n']
802.82KB
        802.82KB 
        802.82KB 
          1.97ms 
             0us 
          1.97ms 
401.41k
401.41k
['Identity', '60B', '             60B ', '         12.96MB ', '          1.27ms ', '             0us ', '          1.27ms ', '        0 params ', '     0 float_ops ', ' |/job:localhost/replica:0/task:0/device:cpu:0', ' /job:localhost/replica:0/task:0/device:cpu:0|Identity', '    154|593\n']
60B
             60B 
         12.96MB 
          1.27ms 
             0us 
          1.27ms 
0
['AvgPool', '16.38KB', '         16.38KB ', '         16.38KB ', '           852us ', '             0us ', '           852us ', '        0 params ', ' 200.70k float_ops ', ' /job:localhost/replica:0/task:0/device:cpu:0', ' /job:localhost/replica:0/task:0/device:cpu:0|AvgPool', '        1|1\n']
16.38KB
         16.38KB 
         16.38KB 
           852us 
             0us 
           852us 
200.70k
200.70k
['Const', '344B', '            344B ', '            344B ', '           527us ', '             0us ', '           527us ', '        0 params ', '     0 float_ops ', ' |/job:localhost/replica:0/task:0/device:cpu:0', ' /job:localhost/replica:0/task:0/device:cpu:0|Const', '    41|1109\n']
344B
            344B 
            344B 
           527us 
             0us 
           527us 
0
['QueueCloseV2', '0B', '              0B ', '              0B ', '           277us ', '             0us ', '           277us ', '        0 params ', '     0 float_ops ', ' |/job:localhost/replica:0/task:0/device:cpu:0', ' /job:localhost/replica:0/task:0/device:cpu:0|QueueCloseV2', '        1|8\n']
0B
              0B 
              0B 
           277us 
             0us 
           277us 
0
['FIFOQueueV2', '4.82MB', '          4.82MB ', '             64B ', '           245us ', '             0us ', '           245us ', '        0 params ', '     0 float_ops ', ' |/job:localhost/replica:0/task:0/device:cpu:0', ' /job:localhost/replica:0/task:0/device:cpu:0|FIFOQueueV2', '        2|3\n']
4.82MB
          4.82MB 
             64B 
           245us 
             0us 
           245us 
0
['Floor', '0B', '              0B ', '         16.39KB ', '           200us ', '             0us ', '           200us ', '        0 params ', '     0 float_ops ', ' /job:localhost/replica:0/task:0/device:cpu:0', ' /job:localhost/replica:0/task:0/device:cpu:0|Floor', '        2|2\n']
0B
              0B 
         16.39KB 
           200us 
             0us 
           200us 
0
['RandomUniform', '16.38KB', '         16.38KB ', '         16.38KB ', '           194us ', '             0us ', '           194us ', '        0 params ', '     0 float_ops ', ' |/job:localhost/replica:0/task:0/device:cpu:0', ' /job:localhost/replica:0/task:0/device:cpu:0|RandomUniform', '        1|4\n']
16.38KB
         16.38KB 
         16.38KB 
           194us 
             0us 
           194us 
0
['RealDiv', '0B', '              0B ', '         32.78KB ', '           143us ', '             0us ', '           143us ', '        0 params ', ' 16.39k float_ops ', ' |/job:localhost/replica:0/task:0/device:cpu:0', ' /job:localhost/replica:0/task:0/device:cpu:0|RealDiv', '       4|10\n']
0B
              0B 
         32.78KB 
           143us 
             0us 
           143us 
16.39k
16.39k
['QueueDequeueV2', '0B', '              0B ', '          2.41MB ', '           130us ', '             0us ', '           130us ', '        0 params ', '     0 float_ops ', ' |/job:localhost/replica:0/task:0/device:cpu:0', ' /job:localhost/replica:0/task:0/device:cpu:0|QueueDequeueV2', '        1|2\n']
0B
              0B 
          2.41MB 
           130us 
             0us 
           130us 
0
['SoftmaxCrossEntropyWithLogits', '48B', '             16B ', '            176B ', '            87us ', '             0us ', '            87us ', '        0 params ', '     0 float_ops ', ' /job:localhost/replica:0/task:0/device:cpu:0', ' /job:localhost/replica:0/task:0/device:cpu:0|SoftmaxCrossEntropyWithLogits', '        1|1\n']
48B
             16B 
            176B 
            87us 
             0us 
            87us 
0
['GreaterEqual', '1B', '              1B ', '              1B ', '            69us ', '             0us ', '            69us ', '        0 params ', '     1 float_ops ', ' /job:localhost/replica:0/task:0/device:cpu:0', ' /job:localhost/replica:0/task:0/device:cpu:0|GreaterEqual', '        1|1\n']
1B
              1B 
              1B 
            69us 
             0us 
            69us 
1
1
['Add', '0B', '              0B ', '         16.38KB ', '            62us ', '             0us ', '            62us ', '        0 params ', ' 3.35m float_ops ', ' |/job:localhost/replica:0/task:0/device:cpu:0', ' /job:localhost/replica:0/task:0/device:cpu:0|Add', '       1|34\n']
0B
              0B 
         16.38KB 
            62us 
             0us 
            62us 
3.35m
3.35m
['ConstantFolding/gradients/MobilenetV1/MobilenetV1/Conv2d_5_pointwise/Conv2D_grad/ShapeN-matshapes-0', '16B', '             16B ', '             16B ', '            62us ', '             0us ', '            62us ', '        0 params ', '     0 float_ops ', ' /job:localhost/replica:0/task:0/device:cpu:0', ' /job:localhost/replica:0/task:0/device:cpu:0|ConstantFolding/gradients/MobilenetV1/MobilenetV1/Conv2d_5_pointwise/Conv2D_grad/ShapeN-matshapes-0', '        1|1\n']
16B
             16B 
             16B 
            62us 
             0us 
            62us 
0
['FloorMod', '8B', '              8B ', '              8B ', '            50us ', '             0us ', '            50us ', '        0 params ', '     0 float_ops ', ' /job:localhost/replica:0/task:0/device:cpu:0', ' /job:localhost/replica:0/task:0/device:cpu:0|FloorMod', '        1|1\n']
8B
              8B 
              8B 
            50us 
             0us 
            50us 
0
['Sum', '4B', '              4B ', '         16.39KB ', '            49us ', '             0us ', '            49us ', '        0 params ', ' 4.10k float_ops ', ' |/job:localhost/replica:0/task:0/device:cpu:0', ' /job:localhost/replica:0/task:0/device:cpu:0|Sum', '        2|9\n']
4B
              4B 
         16.39KB 
            49us 
             0us 
            49us 
4.10k
4.10k
['ConstantFolding/gradients/MobilenetV1/MobilenetV1/Conv2d_3_pointwise/Conv2D_grad/ShapeN-matshapes-0', '16B', '             16B ', '             16B ', '            45us ', '             0us ', '            45us ', '        0 params ', '     0 float_ops ', ' /job:localhost/replica:0/task:0/device:cpu:0', ' /job:localhost/replica:0/task:0/device:cpu:0|ConstantFolding/gradients/MobilenetV1/MobilenetV1/Conv2d_3_pointwise/Conv2D_grad/ShapeN-matshapes-0', '        1|1\n']
16B
             16B 
             16B 
            45us 
             0us 
            45us 
0
['ConstantFolding/gradients/MobilenetV1/MobilenetV1/Conv2d_4_pointwise/Conv2D_grad/ShapeN-matshapes-0', '16B', '             16B ', '             16B ', '            43us ', '             0us ', '            43us ', '        0 params ', '     0 float_ops ', ' /job:localhost/replica:0/task:0/device:cpu:0', ' /job:localhost/replica:0/task:0/device:cpu:0|ConstantFolding/gradients/MobilenetV1/MobilenetV1/Conv2d_4_pointwise/Conv2D_grad/ShapeN-matshapes-0', '        1|1\n']
16B
             16B 
             16B 
            43us 
             0us 
            43us 
0
['ConstantFolding/gradients/MobilenetV1/MobilenetV1/Conv2d_9_pointwise/Conv2D_grad/ShapeN-matshapes-0', '16B', '             16B ', '             16B ', '            42us ', '             0us ', '            42us ', '        0 params ', '     0 float_ops ', ' /job:localhost/replica:0/task:0/device:cpu:0', ' /job:localhost/replica:0/task:0/device:cpu:0|ConstantFolding/gradients/MobilenetV1/MobilenetV1/Conv2d_9_pointwise/Conv2D_grad/ShapeN-matshapes-0', '        1|1\n']
16B
             16B 
             16B 
            42us 
             0us 
            42us 
0
['ConstantFolding/gradients/MobilenetV1/MobilenetV1/Conv2d_10_pointwise/Conv2D_grad/ShapeN-matshapes-1', '16B', '             16B ', '             16B ', '            42us ', '             0us ', '            42us ', '        0 params ', '     0 float_ops ', ' /job:localhost/replica:0/task:0/device:cpu:0', ' /job:localhost/replica:0/task:0/device:cpu:0|ConstantFolding/gradients/MobilenetV1/MobilenetV1/Conv2d_10_pointwise/Conv2D_grad/ShapeN-matshapes-1', '        1|1\n']
16B
             16B 
             16B 
            42us 
             0us 
            42us 
0
['Cast', '4B', '              4B ', '              4B ', '            39us ', '             0us ', '            39us ', '        0 params ', '     0 float_ops ', ' |/job:localhost/replica:0/task:0/device:cpu:0', ' /job:localhost/replica:0/task:0/device:cpu:0|Cast', '       1|40\n']
4B
              4B 
              4B 
            39us 
             0us 
            39us 
0
['ArithmeticOptimizer/AddOpsRewrite_AddN', '0B', '              0B ', '              4B ', '            38us ', '             0us ', '            38us ', '        0 params ', '     0 float_ops ', ' /job:localhost/replica:0/task:0/device:cpu:0', ' /job:localhost/replica:0/task:0/device:cpu:0|ArithmeticOptimizer/AddOpsRewrite_AddN', '        1|1\n']
0B
              0B 
              4B 
            38us 
             0us 
            38us 
0
['ConstantFolding/gradients/MobilenetV1/MobilenetV1/Conv2d_2_pointwise/Conv2D_grad/ShapeN-matshapes-1', '16B', '             16B ', '             16B ', '            36us ', '             0us ', '            36us ', '        0 params ', '     0 float_ops ', ' /job:localhost/replica:0/task:0/device:cpu:0', ' /job:localhost/replica:0/task:0/device:cpu:0|ConstantFolding/gradients/MobilenetV1/MobilenetV1/Conv2d_2_pointwise/Conv2D_grad/ShapeN-matshapes-1', '        1|1\n']
16B
             16B 
             16B 
            36us 
             0us 
            36us 
0
['ConstantFolding/gradients/MobilenetV1/MobilenetV1/Conv2d_4_pointwise/Conv2D_grad/ShapeN-matshapes-1', '16B', '             16B ', '             16B ', '            36us ', '             0us ', '            36us ', '        0 params ', '     0 float_ops ', ' /job:localhost/replica:0/task:0/device:cpu:0', ' /job:localhost/replica:0/task:0/device:cpu:0|ConstantFolding/gradients/MobilenetV1/MobilenetV1/Conv2d_4_pointwise/Conv2D_grad/ShapeN-matshapes-1', '        1|1\n']
16B
             16B 
             16B 
            36us 
             0us 
            36us 
0
['ConstantFolding/gradients/MobilenetV1/MobilenetV1/Conv2d_5_pointwise/Conv2D_grad/ShapeN-matshapes-1', '16B', '             16B ', '             16B ', '            36us ', '             0us ', '            36us ', '        0 params ', '     0 float_ops ', ' /job:localhost/replica:0/task:0/device:cpu:0', ' /job:localhost/replica:0/task:0/device:cpu:0|ConstantFolding/gradients/MobilenetV1/MobilenetV1/Conv2d_5_pointwise/Conv2D_grad/ShapeN-matshapes-1', '        1|1\n']
16B
             16B 
             16B 
            36us 
             0us 
            36us 
0
['ConstantFolding/gradients/MobilenetV1/MobilenetV1/Conv2d_3_pointwise/Conv2D_grad/ShapeN-matshapes-1', '16B', '             16B ', '             16B ', '            35us ', '             0us ', '            35us ', '        0 params ', '     0 float_ops ', ' /job:localhost/replica:0/task:0/device:cpu:0', ' /job:localhost/replica:0/task:0/device:cpu:0|ConstantFolding/gradients/MobilenetV1/MobilenetV1/Conv2d_3_pointwise/Conv2D_grad/ShapeN-matshapes-1', '        1|1\n']
16B
             16B 
             16B 
            35us 
             0us 
            35us 
0
['ConstantFolding/gradients/MobilenetV1/MobilenetV1/Conv2d_1_pointwise/Conv2D_grad/ShapeN-matshapes-1', '16B', '             16B ', '             16B ', '            34us ', '             0us ', '            34us ', '        0 params ', '     0 float_ops ', ' /job:localhost/replica:0/task:0/device:cpu:0', ' /job:localhost/replica:0/task:0/device:cpu:0|ConstantFolding/gradients/MobilenetV1/MobilenetV1/Conv2d_1_pointwise/Conv2D_grad/ShapeN-matshapes-1', '        1|1\n']
16B
             16B 
             16B 
            34us 
             0us 
            34us 
0
['ConstantFolding/gradients/MobilenetV1/MobilenetV1/Conv2d_7_pointwise/Conv2D_grad/ShapeN-matshapes-1', '16B', '             16B ', '             16B ', '            31us ', '             0us ', '            31us ', '        0 params ', '     0 float_ops ', ' /job:localhost/replica:0/task:0/device:cpu:0', ' /job:localhost/replica:0/task:0/device:cpu:0|ConstantFolding/gradients/MobilenetV1/MobilenetV1/Conv2d_7_pointwise/Conv2D_grad/ShapeN-matshapes-1', '        1|1\n']
16B
             16B 
             16B 
            31us 
             0us 
            31us 
0
['ConstantFolding/gradients/MobilenetV1/MobilenetV1/Conv2d_9_pointwise/Conv2D_grad/ShapeN-matshapes-1', '16B', '             16B ', '             16B ', '            30us ', '             0us ', '            30us ', '        0 params ', '     0 float_ops ', ' /job:localhost/replica:0/task:0/device:cpu:0', ' /job:localhost/replica:0/task:0/device:cpu:0|ConstantFolding/gradients/MobilenetV1/MobilenetV1/Conv2d_9_pointwise/Conv2D_grad/ShapeN-matshapes-1', '        1|1\n']
16B
             16B 
             16B 
            30us 
             0us 
            30us 
0
['Equal', '1B', '              1B ', '              1B ', '            30us ', '             0us ', '            30us ', '        0 params ', ' 20.17m float_ops ', ' |/job:localhost/replica:0/task:0/device:cpu:0', ' /job:localhost/replica:0/task:0/device:cpu:0|Equal', '       1|42\n']
1B
              1B 
              1B 
            30us 
             0us 
            30us 
20.17m
20.17m
['ConstantFolding/gradients/MobilenetV1/MobilenetV1/Conv2d_8_pointwise/Conv2D_grad/ShapeN-matshapes-1', '16B', '             16B ', '             16B ', '            29us ', '             0us ', '            29us ', '        0 params ', '     0 float_ops ', ' /job:localhost/replica:0/task:0/device:cpu:0', ' /job:localhost/replica:0/task:0/device:cpu:0|ConstantFolding/gradients/MobilenetV1/MobilenetV1/Conv2d_8_pointwise/Conv2D_grad/ShapeN-matshapes-1', '        1|1\n']
16B
             16B 
             16B 
            29us 
             0us 
            29us 
0
['Pow', '0B', '              0B ', '              4B ', '            29us ', '             0us ', '            29us ', '        0 params ', '     1 float_ops ', ' /job:localhost/replica:0/task:0/device:cpu:0', ' /job:localhost/replica:0/task:0/device:cpu:0|Pow', '        1|1\n']
0B
              0B 
              4B 
            29us 
             0us 
            29us 
1
1
['ConstantFolding/gradients/MobilenetV1/MobilenetV1/Conv2d_8_pointwise/Conv2D_grad/ShapeN-matshapes-0', '16B', '             16B ', '             16B ', '            28us ', '             0us ', '            28us ', '        0 params ', '     0 float_ops ', ' /job:localhost/replica:0/task:0/device:cpu:0', ' /job:localhost/replica:0/task:0/device:cpu:0|ConstantFolding/gradients/MobilenetV1/MobilenetV1/Conv2d_8_pointwise/Conv2D_grad/ShapeN-matshapes-0', '        1|1\n']
16B
             16B 
             16B 
            28us 
             0us 
            28us 
0
['ConstantFolding/gradients/MobilenetV1/MobilenetV1/Conv2d_10_pointwise/Conv2D_grad/ShapeN-matshapes-0', '16B', '             16B ', '             16B ', '            28us ', '             0us ', '            28us ', '        0 params ', '     0 float_ops ', ' /job:localhost/replica:0/task:0/device:cpu:0', ' /job:localhost/replica:0/task:0/device:cpu:0|ConstantFolding/gradients/MobilenetV1/MobilenetV1/Conv2d_10_pointwise/Conv2D_grad/ShapeN-matshapes-0', '        1|1\n']
16B
             16B 
             16B 
            28us 
             0us 
            28us 
0
['ConstantFolding/gradients/MobilenetV1/MobilenetV1/Conv2d_11_pointwise/Conv2D_grad/ShapeN-matshapes-0', '16B', '             16B ', '             16B ', '            28us ', '             0us ', '            28us ', '        0 params ', '     0 float_ops ', ' /job:localhost/replica:0/task:0/device:cpu:0', ' /job:localhost/replica:0/task:0/device:cpu:0|ConstantFolding/gradients/MobilenetV1/MobilenetV1/Conv2d_11_pointwise/Conv2D_grad/ShapeN-matshapes-0', '        1|1\n']
16B
             16B 
             16B 
            28us 
             0us 
            28us 
0
['ConstantFolding/gradients/MobilenetV1/MobilenetV1/Conv2d_13_pointwise/Conv2D_grad/ShapeN-matshapes-0', '16B', '             16B ', '             16B ', '            27us ', '             0us ', '            27us ', '        0 params ', '     0 float_ops ', ' /job:localhost/replica:0/task:0/device:cpu:0', ' /job:localhost/replica:0/task:0/device:cpu:0|ConstantFolding/gradients/MobilenetV1/MobilenetV1/Conv2d_13_pointwise/Conv2D_grad/ShapeN-matshapes-0', '        1|1\n']
16B
             16B 
             16B 
            27us 
             0us 
            27us 
0
['ConstantFolding/gradients/MobilenetV1/MobilenetV1/Conv2d_6_pointwise/Conv2D_grad/ShapeN-matshapes-1', '16B', '             16B ', '             16B ', '            25us ', '             0us ', '            25us ', '        0 params ', '     0 float_ops ', ' /job:localhost/replica:0/task:0/device:cpu:0', ' /job:localhost/replica:0/task:0/device:cpu:0|ConstantFolding/gradients/MobilenetV1/MobilenetV1/Conv2d_6_pointwise/Conv2D_grad/ShapeN-matshapes-1', '        1|1\n']
16B
             16B 
             16B 
            25us 
             0us 
            25us 
0
['ConstantFolding/gradients/MobilenetV1/MobilenetV1/Conv2d_12_pointwise/Conv2D_grad/ShapeN-matshapes-0', '16B', '             16B ', '             16B ', '            23us ', '             0us ', '            23us ', '        0 params ', '     0 float_ops ', ' /job:localhost/replica:0/task:0/device:cpu:0', ' /job:localhost/replica:0/task:0/device:cpu:0|ConstantFolding/gradients/MobilenetV1/MobilenetV1/Conv2d_12_pointwise/Conv2D_grad/ShapeN-matshapes-0', '        1|1\n']
16B
             16B 
             16B 
            23us 
             0us 
            23us 
0
['ConstantFolding/gradients/MobilenetV1/Logits/Conv2d_1c_1x1/Conv2D_grad/ShapeN-matshapes-0', '16B', '             16B ', '             16B ', '            22us ', '             0us ', '            22us ', '        0 params ', '     0 float_ops ', ' /job:localhost/replica:0/task:0/device:cpu:0', ' /job:localhost/replica:0/task:0/device:cpu:0|ConstantFolding/gradients/MobilenetV1/Logits/Conv2d_1c_1x1/Conv2D_grad/ShapeN-matshapes-0', '        1|1\n']
16B
             16B 
             16B 
            22us 
             0us 
            22us 
0
['Squeeze', '0B', '              0B ', '            160B ', '            21us ', '             0us ', '            21us ', '        0 params ', '     0 float_ops ', ' |/job:localhost/replica:0/task:0/device:cpu:0', ' /job:localhost/replica:0/task:0/device:cpu:0|Squeeze', '        1|3\n']
0B
              0B 
            160B 
            21us 
             0us 
            21us 
0
['ConstantFolding/gradients/MobilenetV1/MobilenetV1/Conv2d_0/Conv2D_grad/ShapeN-matshapes-1', '16B', '             16B ', '             16B ', '            21us ', '             0us ', '            21us ', '        0 params ', '     0 float_ops ', ' /job:localhost/replica:0/task:0/device:cpu:0', ' /job:localhost/replica:0/task:0/device:cpu:0|ConstantFolding/gradients/MobilenetV1/MobilenetV1/Conv2d_0/Conv2D_grad/ShapeN-matshapes-1', '        1|1\n']
16B
             16B 
             16B 
            21us 
             0us 
            21us 
0
['BiasAddGrad', '40B', '             40B ', '             40B ', '            20us ', '             0us ', '            20us ', '        0 params ', '    30 float_ops ', ' /job:localhost/replica:0/task:0/device:cpu:0', ' /job:localhost/replica:0/task:0/device:cpu:0|BiasAddGrad', '        1|1\n']
40B
             40B 
             40B 
            20us 
             0us 
            20us 
30
30
['Reshape', '0B', '              0B ', '         16.54KB ', '            18us ', '             0us ', '            18us ', '        0 params ', '     0 float_ops ', ' |/job:localhost/replica:0/task:0/device:cpu:0', ' /job:localhost/replica:0/task:0/device:cpu:0|Reshape', '       2|25\n']
0B
              0B 
         16.54KB 
            18us 
             0us 
            18us 
0
['BiasAdd', '0B', '              0B ', '            160B ', '            18us ', '             0us ', '            18us ', '        0 params ', '    40 float_ops ', ' /job:localhost/replica:0/task:0/device:cpu:0', ' /job:localhost/replica:0/task:0/device:cpu:0|BiasAdd', '        1|1\n']
0B
              0B 
            160B 
            18us 
             0us 
            18us 
40
40
['ConstantFolding/gradients/MobilenetV1/MobilenetV1/Conv2d_13_pointwise/Conv2D_grad/ShapeN-matshapes-1', '16B', '             16B ', '             16B ', '            17us ', '             0us ', '            17us ', '        0 params ', '     0 float_ops ', ' /job:localhost/replica:0/task:0/device:cpu:0', ' /job:localhost/replica:0/task:0/device:cpu:0|ConstantFolding/gradients/MobilenetV1/MobilenetV1/Conv2d_13_pointwise/Conv2D_grad/ShapeN-matshapes-1', '        1|1\n']
16B
             16B 
             16B 
            17us 
             0us 
            17us 
0
['ConstantFolding/gradients/MobilenetV1/MobilenetV1/Conv2d_12_pointwise/Conv2D_grad/ShapeN-matshapes-1', '16B', '             16B ', '             16B ', '            16us ', '             0us ', '            16us ', '        0 params ', '     0 float_ops ', ' /job:localhost/replica:0/task:0/device:cpu:0', ' /job:localhost/replica:0/task:0/device:cpu:0|ConstantFolding/gradients/MobilenetV1/MobilenetV1/Conv2d_12_pointwise/Conv2D_grad/ShapeN-matshapes-1', '        1|1\n']
16B
             16B 
             16B 
            16us 
             0us 
            16us 
0
['ConstantFolding/gradients/MobilenetV1/MobilenetV1/Conv2d_11_pointwise/Conv2D_grad/ShapeN-matshapes-1', '16B', '             16B ', '             16B ', '            16us ', '             0us ', '            16us ', '        0 params ', '     0 float_ops ', ' /job:localhost/replica:0/task:0/device:cpu:0', ' /job:localhost/replica:0/task:0/device:cpu:0|ConstantFolding/gradients/MobilenetV1/MobilenetV1/Conv2d_11_pointwise/Conv2D_grad/ShapeN-matshapes-1', '        1|1\n']
16B
             16B 
             16B 
            16us 
             0us 
            16us 
0
['Select', '0B', '              0B ', '              4B ', '            15us ', '             0us ', '            15us ', '        0 params ', '     0 float_ops ', ' |/job:localhost/replica:0/task:0/device:cpu:0', ' /job:localhost/replica:0/task:0/device:cpu:0|Select', '        1|5\n']
0B
              0B 
              4B 
            15us 
             0us 
            15us 
0
['ConstantFolding/gradients/MobilenetV1/MobilenetV1/Conv2d_1_pointwise/Conv2D_grad/ShapeN-matshapes-0', '16B', '             16B ', '             16B ', '            14us ', '             0us ', '            14us ', '        0 params ', '     0 float_ops ', ' /job:localhost/replica:0/task:0/device:cpu:0', ' /job:localhost/replica:0/task:0/device:cpu:0|ConstantFolding/gradients/MobilenetV1/MobilenetV1/Conv2d_1_pointwise/Conv2D_grad/ShapeN-matshapes-0', '        1|1\n']
16B
             16B 
             16B 
            14us 
             0us 
            14us 
0
['ExpandDims', '16B', '             16B ', '             16B ', '            14us ', '             0us ', '            14us ', '        0 params ', '     0 float_ops ', ' |/job:localhost/replica:0/task:0/device:cpu:0', ' /job:localhost/replica:0/task:0/device:cpu:0|ExpandDims', '        1|7\n']
16B
             16B 
             16B 
            14us 
             0us 
            14us 
0
['ConstantFolding/gradients/MobilenetV1/MobilenetV1/Conv2d_2_pointwise/Conv2D_grad/ShapeN-matshapes-0', '16B', '             16B ', '             16B ', '            13us ', '             0us ', '            13us ', '        0 params ', '     0 float_ops ', ' /job:localhost/replica:0/task:0/device:cpu:0', ' /job:localhost/replica:0/task:0/device:cpu:0|ConstantFolding/gradients/MobilenetV1/MobilenetV1/Conv2d_2_pointwise/Conv2D_grad/ShapeN-matshapes-0', '        1|1\n']
16B
             16B 
             16B 
            13us 
             0us 
            13us 
0
['ConstantFolding/gradients/MobilenetV1/Logits/Conv2d_1c_1x1/Conv2D_grad/ShapeN-matshapes-1', '16B', '             16B ', '             16B ', '            12us ', '             0us ', '            12us ', '        0 params ', '     0 float_ops ', ' /job:localhost/replica:0/task:0/device:cpu:0', ' /job:localhost/replica:0/task:0/device:cpu:0|ConstantFolding/gradients/MobilenetV1/Logits/Conv2d_1c_1x1/Conv2D_grad/ShapeN-matshapes-1', '        1|1\n']
16B
             16B 
             16B 
            12us 
             0us 
            12us 
0
['ConstantFolding/gradients/MobilenetV1/Logits/Dropout_1b/dropout/div_grad/BroadcastGradientArgs-bcastargs-0', '8B', '              8B ', '              8B ', '            12us ', '             0us ', '            12us ', '        0 params ', '     0 float_ops ', ' /job:localhost/replica:0/task:0/device:cpu:0', ' /job:localhost/replica:0/task:0/device:cpu:0|ConstantFolding/gradients/MobilenetV1/Logits/Dropout_1b/dropout/div_grad/BroadcastGradientArgs-bcastargs-0', '        1|1\n']
8B
              8B 
              8B 
            12us 
             0us 
            12us 
0
['ConstantFolding/gradients/MobilenetV1/MobilenetV1/Conv2d_7_pointwise/Conv2D_grad/ShapeN-matshapes-0', '16B', '             16B ', '             16B ', '            12us ', '             0us ', '            12us ', '        0 params ', '     0 float_ops ', ' /job:localhost/replica:0/task:0/device:cpu:0', ' /job:localhost/replica:0/task:0/device:cpu:0|ConstantFolding/gradients/MobilenetV1/MobilenetV1/Conv2d_7_pointwise/Conv2D_grad/ShapeN-matshapes-0', '        1|1\n']
16B
             16B 
             16B 
            12us 
             0us 
            12us 
0
['Greater', '1B', '              1B ', '              1B ', '            12us ', '             0us ', '            12us ', '        0 params ', '     2 float_ops ', ' |/job:localhost/replica:0/task:0/device:cpu:0', ' /job:localhost/replica:0/task:0/device:cpu:0|Greater', '        1|2\n']
1B
              1B 
              1B 
            12us 
             0us 
            12us 
2
2
['AssignAdd', '0B', '              0B ', '              8B ', '            12us ', '             0us ', '            12us ', '        0 params ', '     1 float_ops ', ' /job:localhost/replica:0/task:0/device:cpu:0', ' /job:localhost/replica:0/task:0/device:cpu:0|AssignAdd', '        1|1\n']
0B
              0B 
              8B 
            12us 
             0us 
            12us 
1
1
['ConstantFolding/gradients/MobilenetV1/MobilenetV1/Conv2d_6_pointwise/Conv2D_grad/ShapeN-matshapes-0', '16B', '             16B ', '             16B ', '            11us ', '             0us ', '            11us ', '        0 params ', '     0 float_ops ', ' /job:localhost/replica:0/task:0/device:cpu:0', ' /job:localhost/replica:0/task:0/device:cpu:0|ConstantFolding/gradients/MobilenetV1/MobilenetV1/Conv2d_6_pointwise/Conv2D_grad/ShapeN-matshapes-0', '        1|1\n']
16B
             16B 
             16B 
            11us 
             0us 
            11us 
0
['ConstantFolding/gradients/MobilenetV1/Logits/Dropout_1b/dropout/div_grad/RealDiv_recip', '4B', '              4B ', '              4B ', '            11us ', '             0us ', '            11us ', '        0 params ', '     0 float_ops ', ' /job:localhost/replica:0/task:0/device:cpu:0', ' /job:localhost/replica:0/task:0/device:cpu:0|ConstantFolding/gradients/MobilenetV1/Logits/Dropout_1b/dropout/div_grad/RealDiv_recip', '        1|1\n']
4B
              4B 
              4B 
            11us 
             0us 
            11us 
0
['ConstantFolding/softmax_cross_entropy_loss/div_1_recip', '4B', '              4B ', '              4B ', '            10us ', '             0us ', '            10us ', '        0 params ', '     0 float_ops ', ' /job:localhost/replica:0/task:0/device:cpu:0', ' /job:localhost/replica:0/task:0/device:cpu:0|ConstantFolding/softmax_cross_entropy_loss/div_1_recip', '        1|1\n']
4B
              4B 
              4B 
            10us 
             0us 
            10us 
0
['ConstantFolding/exponential_decay_learning_rate/truediv_recip', '4B', '              4B ', '              4B ', '            10us ', '             0us ', '            10us ', '        0 params ', '     0 float_ops ', ' /job:localhost/replica:0/task:0/device:cpu:0', ' /job:localhost/replica:0/task:0/device:cpu:0|ConstantFolding/exponential_decay_learning_rate/truediv_recip', '        1|1\n']
4B
              4B 
              4B 
            10us 
             0us 
            10us 
0
,node name,peak bytes,residual bytes,output bytes,total execution time,accelerator execution time,cpu execution time,# parameters,# float_ops,assigned devices,op types,op occurrence (run
0,FusedBatchNormGrad,82708.48,82708.48,82708.48,4200.0,0.0,4200.0,0,0.0, /job:localhost/replica:0/task:0/device:cpu:0, /job:localhost/replica:0/task:0/device:cpu:0|FusedBatchNormGrad,"      27|27
"
52,ConstantFolding/gradients/MobilenetV1/MobilenetV1/Conv2d_13_pointwise/Conv2D_grad/ShapeN-matshapes-0,0.015625,0.015625,0.015625,0.027,0.0,0.027,0,0.0, /job:localhost/replica:0/task:0/device:cpu:0, /job:localhost/replica:0/task:0/device:cpu:0|ConstantFolding/gradients/MobilenetV1/MobilenetV1/Conv2d_13_pointwise/Conv2D_grad/ShapeN-matshapes-0,"        1|1
"
51,ConstantFolding/gradients/MobilenetV1/MobilenetV1/Conv2d_11_pointwise/Conv2D_grad/ShapeN-matshapes-0,0.015625,0.015625,0.015625,0.028,0.0,0.028,0,0.0, /job:localhost/replica:0/task:0/device:cpu:0, /job:localhost/replica:0/task:0/device:cpu:0|ConstantFolding/gradients/MobilenetV1/MobilenetV1/Conv2d_11_pointwise/Conv2D_grad/ShapeN-matshapes-0,"        1|1
"
50,ConstantFolding/gradients/MobilenetV1/MobilenetV1/Conv2d_10_pointwise/Conv2D_grad/ShapeN-matshapes-0,0.015625,0.015625,0.015625,0.028,0.0,0.028,0,0.0, /job:localhost/replica:0/task:0/device:cpu:0, /job:localhost/replica:0/task:0/device:cpu:0|ConstantFolding/gradients/MobilenetV1/MobilenetV1/Conv2d_10_pointwise/Conv2D_grad/ShapeN-matshapes-0,"        1|1
"
49,ConstantFolding/gradients/MobilenetV1/MobilenetV1/Conv2d_8_pointwise/Conv2D_grad/ShapeN-matshapes-0,0.015625,0.015625,0.015625,0.028,0.0,0.028,0,0.0, /job:localhost/replica:0/task:0/device:cpu:0, /job:localhost/replica:0/task:0/device:cpu:0|ConstantFolding/gradients/MobilenetV1/MobilenetV1/Conv2d_8_pointwise/Conv2D_grad/ShapeN-matshapes-0,"        1|1
"
47,ConstantFolding/gradients/MobilenetV1/MobilenetV1/Conv2d_8_pointwise/Conv2D_grad/ShapeN-matshapes-1,0.015625,0.015625,0.015625,0.028999999999999998,0.0,0.028999999999999998,0,0.0, /job:localhost/replica:0/task:0/device:cpu:0, /job:localhost/replica:0/task:0/device:cpu:0|ConstantFolding/gradients/MobilenetV1/MobilenetV1/Conv2d_8_pointwise/Conv2D_grad/ShapeN-matshapes-1,"        1|1
"
45,ConstantFolding/gradients/MobilenetV1/MobilenetV1/Conv2d_9_pointwise/Conv2D_grad/ShapeN-matshapes-1,0.015625,0.015625,0.015625,0.029999999999999995,0.0,0.029999999999999995,0,0.0, /job:localhost/replica:0/task:0/device:cpu:0, /job:localhost/replica:0/task:0/device:cpu:0|ConstantFolding/gradients/MobilenetV1/MobilenetV1/Conv2d_9_pointwise/Conv2D_grad/ShapeN-matshapes-1,"        1|1
"
53,ConstantFolding/gradients/MobilenetV1/MobilenetV1/Conv2d_6_pointwise/Conv2D_grad/ShapeN-matshapes-1,0.015625,0.015625,0.015625,0.024999999999999998,0.0,0.024999999999999998,0,0.0, /job:localhost/replica:0/task:0/device:cpu:0, /job:localhost/replica:0/task:0/device:cpu:0|ConstantFolding/gradients/MobilenetV1/MobilenetV1/Conv2d_6_pointwise/Conv2D_grad/ShapeN-matshapes-1,"        1|1
"
44,ConstantFolding/gradients/MobilenetV1/MobilenetV1/Conv2d_7_pointwise/Conv2D_grad/ShapeN-matshapes-1,0.015625,0.015625,0.015625,0.031,0.0,0.031,0,0.0, /job:localhost/replica:0/task:0/device:cpu:0, /job:localhost/replica:0/task:0/device:cpu:0|ConstantFolding/gradients/MobilenetV1/MobilenetV1/Conv2d_7_pointwise/Conv2D_grad/ShapeN-matshapes-1,"        1|1
"
42,ConstantFolding/gradients/MobilenetV1/MobilenetV1/Conv2d_3_pointwise/Conv2D_grad/ShapeN-matshapes-1,0.015625,0.015625,0.015625,0.034999999999999996,0.0,0.034999999999999996,0,0.0, /job:localhost/replica:0/task:0/device:cpu:0, /job:localhost/replica:0/task:0/device:cpu:0|ConstantFolding/gradients/MobilenetV1/MobilenetV1/Conv2d_3_pointwise/Conv2D_grad/ShapeN-matshapes-1,"        1|1
"
41,ConstantFolding/gradients/MobilenetV1/MobilenetV1/Conv2d_5_pointwise/Conv2D_grad/ShapeN-matshapes-1,0.015625,0.015625,0.015625,0.036,0.0,0.036,0,0.0, /job:localhost/replica:0/task:0/device:cpu:0, /job:localhost/replica:0/task:0/device:cpu:0|ConstantFolding/gradients/MobilenetV1/MobilenetV1/Conv2d_5_pointwise/Conv2D_grad/ShapeN-matshapes-1,"        1|1
"
40,ConstantFolding/gradients/MobilenetV1/MobilenetV1/Conv2d_4_pointwise/Conv2D_grad/ShapeN-matshapes-1,0.015625,0.015625,0.015625,0.036,0.0,0.036,0,0.0, /job:localhost/replica:0/task:0/device:cpu:0, /job:localhost/replica:0/task:0/device:cpu:0|ConstantFolding/gradients/MobilenetV1/MobilenetV1/Conv2d_4_pointwise/Conv2D_grad/ShapeN-matshapes-1,"        1|1
"
39,ConstantFolding/gradients/MobilenetV1/MobilenetV1/Conv2d_2_pointwise/Conv2D_grad/ShapeN-matshapes-1,0.015625,0.015625,0.015625,0.036,0.0,0.036,0,0.0, /job:localhost/replica:0/task:0/device:cpu:0, /job:localhost/replica:0/task:0/device:cpu:0|ConstantFolding/gradients/MobilenetV1/MobilenetV1/Conv2d_2_pointwise/Conv2D_grad/ShapeN-matshapes-1,"        1|1
"
75,ConstantFolding/softmax_cross_entropy_loss/div_1_recip,0.00390625,0.00390625,0.00390625,0.009999999999999998,0.0,0.009999999999999998,0,0.0, /job:localhost/replica:0/task:0/device:cpu:0, /job:localhost/replica:0/task:0/device:cpu:0|ConstantFolding/softmax_cross_entropy_loss/div_1_recip,"        1|1
"
37,Cast,0.00390625,0.00390625,0.00390625,0.039,0.0,0.039,0,0.0, |/job:localhost/replica:0/task:0/device:cpu:0, /job:localhost/replica:0/task:0/device:cpu:0|Cast,"       1|40
"
43,ConstantFolding/gradients/MobilenetV1/MobilenetV1/Conv2d_1_pointwise/Conv2D_grad/ShapeN-matshapes-1,0.015625,0.015625,0.015625,0.034,0.0,0.034,0,0.0, /job:localhost/replica:0/task:0/device:cpu:0, /job:localhost/replica:0/task:0/device:cpu:0|ConstantFolding/gradients/MobilenetV1/MobilenetV1/Conv2d_1_pointwise/Conv2D_grad/ShapeN-matshapes-1,"        1|1
"
36,ConstantFolding/gradients/MobilenetV1/MobilenetV1/Conv2d_10_pointwise/Conv2D_grad/ShapeN-matshapes-1,0.015625,0.015625,0.015625,0.041999999999999996,0.0,0.041999999999999996,0,0.0, /job:localhost/replica:0/task:0/device:cpu:0, /job:localhost/replica:0/task:0/device:cpu:0|ConstantFolding/gradients/MobilenetV1/MobilenetV1/Conv2d_10_pointwise/Conv2D_grad/ShapeN-matshapes-1,"        1|1
"
54,ConstantFolding/gradients/MobilenetV1/MobilenetV1/Conv2d_12_pointwise/Conv2D_grad/ShapeN-matshapes-0,0.015625,0.015625,0.015625,0.023,0.0,0.023,0,0.0, /job:localhost/replica:0/task:0/device:cpu:0, /job:localhost/replica:0/task:0/device:cpu:0|ConstantFolding/gradients/MobilenetV1/MobilenetV1/Conv2d_12_pointwise/Conv2D_grad/ShapeN-matshapes-0,"        1|1
"
56,Squeeze,0.0,0.0,0.15625,0.020999999999999998,0.0,0.020999999999999998,0,0.0, |/job:localhost/replica:0/task:0/device:cpu:0, /job:localhost/replica:0/task:0/device:cpu:0|Squeeze,"        1|3
"
74,ConstantFolding/gradients/MobilenetV1/Logits/Dropout_1b/dropout/div_grad/RealDiv_recip,0.00390625,0.00390625,0.00390625,0.011,0.0,0.011,0,0.0, /job:localhost/replica:0/task:0/device:cpu:0, /job:localhost/replica:0/task:0/device:cpu:0|ConstantFolding/gradients/MobilenetV1/Logits/Dropout_1b/dropout/div_grad/RealDiv_recip,"        1|1
"
73,ConstantFolding/gradients/MobilenetV1/MobilenetV1/Conv2d_6_pointwise/Conv2D_grad/ShapeN-matshapes-0,0.015625,0.015625,0.015625,0.011,0.0,0.011,0,0.0, /job:localhost/replica:0/task:0/device:cpu:0, /job:localhost/replica:0/task:0/device:cpu:0|ConstantFolding/gradients/MobilenetV1/MobilenetV1/Conv2d_6_pointwise/Conv2D_grad/ShapeN-matshapes-0,"        1|1
"
70,ConstantFolding/gradients/MobilenetV1/MobilenetV1/Conv2d_7_pointwise/Conv2D_grad/ShapeN-matshapes-0,0.015625,0.015625,0.015625,0.012,0.0,0.012,0,0.0, /job:localhost/replica:0/task:0/device:cpu:0, /job:localhost/replica:0/task:0/device:cpu:0|ConstantFolding/gradients/MobilenetV1/MobilenetV1/Conv2d_7_pointwise/Conv2D_grad/ShapeN-matshapes-0,"        1|1
"
69,ConstantFolding/gradients/MobilenetV1/Logits/Dropout_1b/dropout/div_grad/BroadcastGradientArgs-bcastargs-0,0.0078125,0.0078125,0.0078125,0.012,0.0,0.012,0,0.0, /job:localhost/replica:0/task:0/device:cpu:0, /job:localhost/replica:0/task:0/device:cpu:0|ConstantFolding/gradients/MobilenetV1/Logits/Dropout_1b/dropout/div_grad/BroadcastGradientArgs-bcastargs-0,"        1|1
"
68,ConstantFolding/gradients/MobilenetV1/Logits/Conv2d_1c_1x1/Conv2D_grad/ShapeN-matshapes-1,0.015625,0.015625,0.015625,0.012,0.0,0.012,0,0.0, /job:localhost/replica:0/task:0/device:cpu:0, /job:localhost/replica:0/task:0/device:cpu:0|ConstantFolding/gradients/MobilenetV1/Logits/Conv2d_1c_1x1/Conv2D_grad/ShapeN-matshapes-1,"        1|1
"
67,ConstantFolding/gradients/MobilenetV1/MobilenetV1/Conv2d_2_pointwise/Conv2D_grad/ShapeN-matshapes-0,0.015625,0.015625,0.015625,0.013,0.0,0.013,0,0.0, /job:localhost/replica:0/task:0/device:cpu:0, /job:localhost/replica:0/task:0/device:cpu:0|ConstantFolding/gradients/MobilenetV1/MobilenetV1/Conv2d_2_pointwise/Conv2D_grad/ShapeN-matshapes-0,"        1|1
"
55,ConstantFolding/gradients/MobilenetV1/Logits/Conv2d_1c_1x1/Conv2D_grad/ShapeN-matshapes-0,0.015625,0.015625,0.015625,0.022,0.0,0.022,0,0.0, /job:localhost/replica:0/task:0/device:cpu:0, /job:localhost/replica:0/task:0/device:cpu:0|ConstantFolding/gradients/MobilenetV1/Logits/Conv2d_1c_1x1/Conv2D_grad/ShapeN-matshapes-0,"        1|1
"
66,ExpandDims,0.015625,0.015625,0.015625,0.014,0.0,0.014,0,0.0, |/job:localhost/replica:0/task:0/device:cpu:0, /job:localhost/replica:0/task:0/device:cpu:0|ExpandDims,"        1|7
"
64,Select,0.0,0.0,0.00390625,0.014999999999999998,0.0,0.014999999999999998,0,0.0, |/job:localhost/replica:0/task:0/device:cpu:0, /job:localhost/replica:0/task:0/device:cpu:0|Select,"        1|5
"
63,ConstantFolding/gradients/MobilenetV1/MobilenetV1/Conv2d_11_pointwise/Conv2D_grad/ShapeN-matshapes-1,0.015625,0.015625,0.015625,0.016,0.0,0.016,0,0.0, /job:localhost/replica:0/task:0/device:cpu:0, /job:localhost/replica:0/task:0/device:cpu:0|ConstantFolding/gradients/MobilenetV1/MobilenetV1/Conv2d_11_pointwise/Conv2D_grad/ShapeN-matshapes-1,"        1|1
"
62,ConstantFolding/gradients/MobilenetV1/MobilenetV1/Conv2d_12_pointwise/Conv2D_grad/ShapeN-matshapes-1,0.015625,0.015625,0.015625,0.016,0.0,0.016,0,0.0, /job:localhost/replica:0/task:0/device:cpu:0, /job:localhost/replica:0/task:0/device:cpu:0|ConstantFolding/gradients/MobilenetV1/MobilenetV1/Conv2d_12_pointwise/Conv2D_grad/ShapeN-matshapes-1,"        1|1
"
61,ConstantFolding/gradients/MobilenetV1/MobilenetV1/Conv2d_13_pointwise/Conv2D_grad/ShapeN-matshapes-1,0.015625,0.015625,0.015625,0.017,0.0,0.017,0,0.0, /job:localhost/replica:0/task:0/device:cpu:0, /job:localhost/replica:0/task:0/device:cpu:0|ConstantFolding/gradients/MobilenetV1/MobilenetV1/Conv2d_13_pointwise/Conv2D_grad/ShapeN-matshapes-1,"        1|1
"
59,Reshape,0.0,0.0,16.54,0.018,0.0,0.018,0,0.0, |/job:localhost/replica:0/task:0/device:cpu:0, /job:localhost/replica:0/task:0/device:cpu:0|Reshape,"       2|25
"
57,ConstantFolding/gradients/MobilenetV1/MobilenetV1/Conv2d_0/Conv2D_grad/ShapeN-matshapes-1,0.015625,0.015625,0.015625,0.020999999999999998,0.0,0.020999999999999998,0,0.0, /job:localhost/replica:0/task:0/device:cpu:0, /job:localhost/replica:0/task:0/device:cpu:0|ConstantFolding/gradients/MobilenetV1/MobilenetV1/Conv2d_0/Conv2D_grad/ShapeN-matshapes-1,"        1|1
"
65,ConstantFolding/gradients/MobilenetV1/MobilenetV1/Conv2d_1_pointwise/Conv2D_grad/ShapeN-matshapes-0,0.015625,0.015625,0.015625,0.014,0.0,0.014,0,0.0, /job:localhost/replica:0/task:0/device:cpu:0, /job:localhost/replica:0/task:0/device:cpu:0|ConstantFolding/gradients/MobilenetV1/MobilenetV1/Conv2d_1_pointwise/Conv2D_grad/ShapeN-matshapes-0,"        1|1
"
35,ConstantFolding/gradients/MobilenetV1/MobilenetV1/Conv2d_9_pointwise/Conv2D_grad/ShapeN-matshapes-0,0.015625,0.015625,0.015625,0.041999999999999996,0.0,0.041999999999999996,0,0.0, /job:localhost/replica:0/task:0/device:cpu:0, /job:localhost/replica:0/task:0/device:cpu:0|ConstantFolding/gradients/MobilenetV1/MobilenetV1/Conv2d_9_pointwise/Conv2D_grad/ShapeN-matshapes-0,"        1|1
"
38,ArithmeticOptimizer/AddOpsRewrite_AddN,0.0,0.0,0.00390625,0.03799999999999999,0.0,0.03799999999999999,0,0.0, /job:localhost/replica:0/task:0/device:cpu:0, /job:localhost/replica:0/task:0/device:cpu:0|ArithmeticOptimizer/AddOpsRewrite_AddN,"        1|1
"
33,ConstantFolding/gradients/MobilenetV1/MobilenetV1/Conv2d_3_pointwise/Conv2D_grad/ShapeN-matshapes-0,0.015625,0.015625,0.015625,0.045,0.0,0.045,0,0.0, /job:localhost/replica:0/task:0/device:cpu:0, /job:localhost/replica:0/task:0/device:cpu:0|ConstantFolding/gradients/MobilenetV1/MobilenetV1/Conv2d_3_pointwise/Conv2D_grad/ShapeN-matshapes-0,"        1|1
"
3,FusedBatchNorm,82800.64,82800.64,82800.64,703.96,0.0,703.96,0,0.0, /job:localhost/replica:0/task:0/device:cpu:0, /job:localhost/replica:0/task:0/device:cpu:0|FusedBatchNorm,"      27|27
"
5,DepthwiseConv2dNativeBackpropFilter,2621.44,178.56,178.56,429.26,0.0,429.26,0,0.0, /job:localhost/replica:0/task:0/device:cpu:0, /job:localhost/replica:0/task:0/device:cpu:0|DepthwiseConv2dNativeBackpropFilter,"      13|13
"
6,DepthwiseConv2dNativeBackpropInput,51281.92,50145.28,50145.28,425.43,0.0,425.43,0,0.0, /job:localhost/replica:0/task:0/device:cpu:0, /job:localhost/replica:0/task:0/device:cpu:0|DepthwiseConv2dNativeBackpropInput,"      13|13
"
8,ApplyRMSProp,0.0,0.0,13178.88,201.43,0.0,201.43,0,0.0, /job:localhost/replica:0/task:0/device:cpu:0, /job:localhost/replica:0/task:0/device:cpu:0|ApplyRMSProp,"      83|83
"
9,Relu6Grad,0.0,0.0,82616.32,155.44,0.0,155.44,0,0.0, /job:localhost/replica:0/task:0/device:cpu:0, /job:localhost/replica:0/task:0/device:cpu:0|Relu6Grad,"      27|27
"
11,Relu6,0.0,0.0,82616.32,81.06,0.0,81.06,0,0.0, /job:localhost/replica:0/task:0/device:cpu:0, /job:localhost/replica:0/task:0/device:cpu:0|Relu6,"      27|27
"
14,VariableV2,39618.56,39618.56,39618.56,10.47,0.0,10.47,9.67m,0.0, /job:localhost/replica:0/task:0/device:cpu:0, /job:localhost/replica:0/task:0/device:cpu:0|VariableV2|_trainable_variables,"    304|304
"
34,ConstantFolding/gradients/MobilenetV1/MobilenetV1/Conv2d_4_pointwise/Conv2D_grad/ShapeN-matshapes-0,0.015625,0.015625,0.015625,0.043,0.0,0.043,0,0.0, /job:localhost/replica:0/task:0/device:cpu:0, /job:localhost/replica:0/task:0/device:cpu:0|ConstantFolding/gradients/MobilenetV1/MobilenetV1/Conv2d_4_pointwise/Conv2D_grad/ShapeN-matshapes-0,"        1|1
"
18,Identity,0.05859375,0.05859375,13271.04,1.27,0.0,1.27,0,0.0, |/job:localhost/replica:0/task:0/device:cpu:0, /job:localhost/replica:0/task:0/device:cpu:0|Identity,"    154|593
"
20,Const,0.3359375,0.3359375,0.3359375,0.527,0.0,0.527,0,0.0, |/job:localhost/replica:0/task:0/device:cpu:0, /job:localhost/replica:0/task:0/device:cpu:0|Const,"    41|1109
"
21,QueueCloseV2,0.0,0.0,0.0,0.277,0.0,0.277,0,0.0, |/job:localhost/replica:0/task:0/device:cpu:0, /job:localhost/replica:0/task:0/device:cpu:0|QueueCloseV2,"        1|8
"
22,FIFOQueueV2,4935.68,4935.68,0.0625,0.245,0.0,0.245,0,0.0, |/job:localhost/replica:0/task:0/device:cpu:0, /job:localhost/replica:0/task:0/device:cpu:0|FIFOQueueV2,"        2|3
"
76,ConstantFolding/exponential_decay_learning_rate/truediv_recip,0.00390625,0.00390625,0.00390625,0.009999999999999998,0.0,0.009999999999999998,0,0.0, /job:localhost/replica:0/task:0/device:cpu:0, /job:localhost/replica:0/task:0/device:cpu:0|ConstantFolding/exponential_decay_learning_rate/truediv_recip,"        1|1
"
23,Floor,0.0,0.0,16.39,0.19999999999999998,0.0,0.19999999999999998,0,0.0, /job:localhost/replica:0/task:0/device:cpu:0, /job:localhost/replica:0/task:0/device:cpu:0|Floor,"        2|2
"
24,RandomUniform,16.38,16.38,16.38,0.194,0.0,0.194,0,0.0, |/job:localhost/replica:0/task:0/device:cpu:0, /job:localhost/replica:0/task:0/device:cpu:0|RandomUniform,"        1|4
"
31,FloorMod,0.0078125,0.0078125,0.0078125,0.049999999999999996,0.0,0.049999999999999996,0,0.0, /job:localhost/replica:0/task:0/device:cpu:0, /job:localhost/replica:0/task:0/device:cpu:0|FloorMod,"        1|1
"
26,QueueDequeueV2,0.0,0.0,2467.84,0.12999999999999998,0.0,0.12999999999999998,0,0.0, |/job:localhost/replica:0/task:0/device:cpu:0, /job:localhost/replica:0/task:0/device:cpu:0|QueueDequeueV2,"        1|2
"
30,ConstantFolding/gradients/MobilenetV1/MobilenetV1/Conv2d_5_pointwise/Conv2D_grad/ShapeN-matshapes-0,0.015625,0.015625,0.015625,0.062,0.0,0.062,0,0.0, /job:localhost/replica:0/task:0/device:cpu:0, /job:localhost/replica:0/task:0/device:cpu:0|ConstantFolding/gradients/MobilenetV1/MobilenetV1/Conv2d_5_pointwise/Conv2D_grad/ShapeN-matshapes-0,"        1|1
"
27,SoftmaxCrossEntropyWithLogits,0.046875,0.015625,0.171875,0.087,0.0,0.087,0,0.0, /job:localhost/replica:0/task:0/device:cpu:0, /job:localhost/replica:0/task:0/device:cpu:0|SoftmaxCrossEntropyWithLogits,"        1|1
"
72,AssignAdd,0.0,0.0,0.0078125,0.012,0.0,0.012,0,1e-06, /job:localhost/replica:0/task:0/device:cpu:0, /job:localhost/replica:0/task:0/device:cpu:0|AssignAdd,"        1|1
"
28,GreaterEqual,0.0009765625,0.0009765625,0.0009765625,0.06899999999999999,0.0,0.06899999999999999,0,1e-06, /job:localhost/replica:0/task:0/device:cpu:0, /job:localhost/replica:0/task:0/device:cpu:0|GreaterEqual,"        1|1
"
48,Pow,0.0,0.0,0.00390625,0.028999999999999998,0.0,0.028999999999999998,0,1e-06, /job:localhost/replica:0/task:0/device:cpu:0, /job:localhost/replica:0/task:0/device:cpu:0|Pow,"        1|1
"
71,Greater,0.0009765625,0.0009765625,0.0009765625,0.012,0.0,0.012,0,2e-06, |/job:localhost/replica:0/task:0/device:cpu:0, /job:localhost/replica:0/task:0/device:cpu:0|Greater,"        1|2
"
58,BiasAddGrad,0.0390625,0.0390625,0.0390625,0.019999999999999997,0.0,0.019999999999999997,0,2.9999999999999997e-05, /job:localhost/replica:0/task:0/device:cpu:0, /job:localhost/replica:0/task:0/device:cpu:0|BiasAddGrad,"        1|1
"
60,BiasAdd,0.0,0.0,0.15625,0.018,0.0,0.018,0,3.9999999999999996e-05, /job:localhost/replica:0/task:0/device:cpu:0, /job:localhost/replica:0/task:0/device:cpu:0|BiasAdd,"        1|1
"
32,Sum,0.00390625,0.00390625,16.39,0.048999999999999995,0.0,0.048999999999999995,0,0.0040999999999999995, |/job:localhost/replica:0/task:0/device:cpu:0, /job:localhost/replica:0/task:0/device:cpu:0|Sum,"        2|9
"
25,RealDiv,0.0,0.0,32.78,0.14300000000000002,0.0,0.14300000000000002,0,0.016390000000000002, |/job:localhost/replica:0/task:0/device:cpu:0, /job:localhost/replica:0/task:0/device:cpu:0|RealDiv,"       4|10
"
15,AssignSub,0.0,0.0,87.55,4.73,0.0,4.73,0,0.02189, /job:localhost/replica:0/task:0/device:cpu:0, /job:localhost/replica:0/task:0/device:cpu:0|AssignSub,"      54|54
"
16,Sub,0.00390625,0.00390625,87.56,2.92,0.0,2.92,0,0.17248, |/job:localhost/replica:0/task:0/device:cpu:0, /job:localhost/replica:0/task:0/device:cpu:0|Sub,"     55|117
"
19,AvgPool,16.38,16.38,16.38,0.852,0.0,0.852,0,0.2007, /job:localhost/replica:0/task:0/device:cpu:0, /job:localhost/replica:0/task:0/device:cpu:0|AvgPool,"        1|1
"
17,AvgPoolGrad,802.82,802.82,802.82,1.97,0.0,1.97,0,0.40141000000000004, /job:localhost/replica:0/task:0/device:cpu:0, /job:localhost/replica:0/task:0/device:cpu:0|AvgPoolGrad,"        1|1
"
13,AddN,0.0,0.0,12902.4,34.73,0.0,34.73,0,3.15, |/job:localhost/replica:0/task:0/device:cpu:0, /job:localhost/replica:0/task:0/device:cpu:0|AddN,"      15|17
"
29,Add,0.0,0.0,16.38,0.062,0.0,0.062,0,3.35, |/job:localhost/replica:0/task:0/device:cpu:0, /job:localhost/replica:0/task:0/device:cpu:0|Add,"       1|34
"
10,Mul,12902.4,12902.4,13045.76,98.46,0.0,98.46,0,6.54, |/job:localhost/replica:0/task:0/device:cpu:0, /job:localhost/replica:0/task:0/device:cpu:0|Mul,"     90|164
"
12,L2Loss,0.05859375,0.05859375,0.05859375,58.53,0.0,58.53,0,9.45, /job:localhost/replica:0/task:0/device:cpu:0, /job:localhost/replica:0/task:0/device:cpu:0|L2Loss,"      15|15
"
46,Equal,0.0009765625,0.0009765625,0.0009765625,0.029999999999999995,0.0,0.029999999999999995,0,20.17, |/job:localhost/replica:0/task:0/device:cpu:0, /job:localhost/replica:0/task:0/device:cpu:0|Equal,"       1|42
"
7,DepthwiseConv2dNative,34314.24,31651.84,31651.84,204.45,0.0,204.45,0,139.09, /job:localhost/replica:0/task:0/device:cpu:0, /job:localhost/replica:0/task:0/device:cpu:0|DepthwiseConv2dNative,"      13|13
"
4,Conv2D,50964.48,50964.48,50964.48,698.64,0.0,698.64,0,4400.0, /job:localhost/replica:0/task:0/device:cpu:0, /job:localhost/replica:0/task:0/device:cpu:0|Conv2D,"      15|15
"
2,Conv2DBackpropFilter,261376.0,12902.4,12902.4,1290.0,0.0,1290.0,0,4400.0, /job:localhost/replica:0/task:0/device:cpu:0, /job:localhost/replica:0/task:0/device:cpu:0|Conv2DBackpropFilter,"      15|15
"
1,Conv2DBackpropInput,53350.4,31662.08,31662.08,1290.0,0.0,1290.0,0,4400.0, |/job:localhost/replica:0/task:0/device:cpu:0, /job:localhost/replica:0/task:0/device:cpu:0|Conv2DBackpropInput,"      14|15
"

